Kommune,Tag,Datum,Zeit,1. Straße,2. Straße,Nr.,StrG,Str.-Nr.,AbsX,Abs.X,Km,Meter,GEO_X,GEO_Y,KAT,TYP,UTYP,BET,GT,SV,LV,ALC,VU-F,Bet_01,Folg_01,VB_01,U1_01,U2_01,BT_ALT01,BT_M/W01,Bet_02,Folg_02,VB_02,U1_02,U2_02,BT_ALT02,BT_M/W02,Bet_03,Folg_03,VB_03,U1_03,U2_03,BT_ALT03,BT_M/W03,Bet_04,Folg_04,VB_04,U1_04,U2_04,BT_ALT04,BT_M/W04,Bet_05,Folg_05,VB_05,U1_05,U2_05,BT_ALT05,BT_M/W05,Bet_06,Folg_06,VB_06,U1_06,U2_06,BT_ALT06,BT_M/W06,Bet_07,Folg_07,VB_07,U1_07,U2_07,BT_ALT07,BT_M/W07,Bet_08,Folg_08,VB_08,U1_08,U2_08,BT_ALT08,BT_M/W08,Bet_09,Folg_09,VB_09,U1_09,U2_09,BT_ALT09,BT_M/W09,Bet_10,Folg_10,VB_10,U1_10,U2_10,BT_ALT10,BT_M/W10,Bet_11,Folg_11,VB_11,U1_11,U2_11,BT_ALT11,BT_M/W11,Bet_12,Folg_12,VB_12,U1_12,U2_12,BT_ALT12,BT_M/W12,Bet_13,Folg_13,VB_13,U1_13,U2_13,BT_ALT13,BT_M/W13,Bet_14,Folg_14,VB_14,U1_14,U2_14,BT_ALT14,BT_M/W14,Bet_15,Folg_15,VB_15,U1_15,U2_15,BT_ALT15,BT_M/W15,Bet_16,Folg_16,VB_16,U1_16,U2_16,BT_ALT16,BT_M/W16,Bet_17,Folg_17,VB_17,U1_17,U2_17,BT_ALT17,BT_M/W17,Bet_18,Folg_18,VB_18,U1_18,U2_18,BT_ALT18,BT_M/W18,Bet_19,Folg_19,VB_19,U1_19,U2_19,BT_ALT19,BT_M/W19
Gütersloh,Fr,02.01.2015,15:55,Saturnweg,,3,G,,,,,,8.36772,51.8938,5,7,99,2,0,0,0,0,1,1,0,71,49,,,0,2,0,21,,,,0,,,,,,,,,,,,,,,,,,,,,,,,,,,,,,,,,,,,,,,,,,,,,,,,,,,,,,,,,,,,,,,,,,,,,,,,,,,,,,,,,,,,,,,,,,,,,,,,,,,,,,,,,,,,,,,,,,,,,,,
Gütersloh,Mo,05.01.2015,17:00,Carl-Bertelsmann-Straße,,270,L,788,9,0,1,800,8.42044,51.9094,3,3,42,2,0,0,1,0,0,1,0,21,37,,38,1,2,3,71,10,10,23,2,,,,,,,,,,,,,,,,,,,,,,,,,,,,,,,,,,,,,,,,,,,,,,,,,,,,,,,,,,,,,,,,,,,,,,,,,,,,,,,,,,,,,,,,,,,,,,,,,,,,,,,,,,,,,,,,,,,,,,,
Gütersloh,Do,08.01.2015,17:55,Berliner Straße,Hülsbrockstraße,,B,61,55,200,0,0,8.39828,51.9208,5,2,21,2,0,0,0,0,0,1,0,21,35,,34,2,2,0,71,,,44,2,,,,,,,,,,,,,,,,,,,,,,,,,,,,,,,,,,,,,,,,,,,,,,,,,,,,,,,,,,,,,,,,,,,,,,,,,,,,,,,,,,,,,,,,,,,,,,,,,,,,,,,,,,,,,,,,,,,,,,,
Gütersloh,Fr,09.01.2015,10:45,Berliner Straße,,87,G,,,,,,8.38167,51.9101,5,1,41,2,0,0,0,0,0,1,0,71,49,,51,1,2,0,21,,,65,1,,,,,,,,,,,,,,,,,,,,,,,,,,,,,,,,,,,,,,,,,,,,,,,,,,,,,,,,,,,,,,,,,,,,,,,,,,,,,,,,,,,,,,,,,,,,,,,,,,,,,,,,,,,,,,,,,,,,,,,
Gütersloh,Fr,09.01.2015,07:55,Neuenkirchener Straße,Hoher Kamp,,L,782,15,100,0,595,8.39205,51.8823,3,3,42,2,0,0,1,0,0,1,0,21,28,,21,1,2,3,71,,,20,1,,,,,,,,,,,,,,,,,,,,,,,,,,,,,,,,,,,,,,,,,,,,,,,,,,,,,,,,,,,,,,,,,,,,,,,,,,,,,,,,,,,,,,,,,,,,,,,,,,,,,,,,,,,,,,,,,,,,,,,
Gütersloh,So,11.01.2015,10:31,Bruder-Konrad-Straße,,32,K,39,2,0,1,750,8.41964,51.8839,2,7,14,2,0,1,0,0,0,1,0,21,36,,51,1,2,2,71,,,74,2,,,,,,,,,,,,,,,,,,,,,,,,,,,,,,,,,,,,,,,,,,,,,,,,,,,,,,,,,,,,,,,,,,,,,,,,,,,,,,,,,,,,,,,,,,,,,,,,,,,,,,,,,,,,,,,,,,,,,,,
Gütersloh,Do,15.01.2015,14:36,Wiedenbrücker Straße,Unter den Ulmen,,G,,,,,,8.36895,51.8956,2,7,63,1,0,1,0,0,0,1,2,71,49,4,86,2,,,,,,,,,,,,,,,,,,,,,,,,,,,,,,,,,,,,,,,,,,,,,,,,,,,,,,,,,,,,,,,,,,,,,,,,,,,,,,,,,,,,,,,,,,,,,,,,,,,,,,,,,,,,,,,,,,,,,,,,,,,,,,
Gütersloh,Do,15.01.2015,15:25,Berliner Straße,,12,G,,,,,,8.378,51.9058,5,6,81,2,0,0,0,0,1,1,0,71,49,,30,1,2,0,71,,,14,2,,,,,,,,,,,,,,,,,,,,,,,,,,,,,,,,,,,,,,,,,,,,,,,,,,,,,,,,,,,,,,,,,,,,,,,,,,,,,,,,,,,,,,,,,,,,,,,,,,,,,,,,,,,,,,,,,,,,,,,
Gütersloh,Fr,16.01.2015,14:50,Verler Straße,,,L,757,3,0,0,931,8.40182,51.8984,3,3,72,2,0,0,1,0,0,1,3,71,37,,9,1,2,0,21,,,38,1,,,,,,,,,,,,,,,,,,,,,,,,,,,,,,,,,,,,,,,,,,,,,,,,,,,,,,,,,,,,,,,,,,,,,,,,,,,,,,,,,,,,,,,,,,,,,,,,,,,,,,,,,,,,,,,,,,,,,,,
Gütersloh,Fr,16.01.2015,09:45,Friedrich-Ebert-Straße,,,L,757,1,0,0,540,8.38111,51.9097,5,6,81,2,0,0,0,0,0,1,0,71,10,,34,1,2,0,71,,,30,2,,,,,,,,,,,,,,,,,,,,,,,,,,,,,,,,,,,,,,,,,,,,,,,,,,,,,,,,,,,,,,,,,,,,,,,,,,,,,,,,,,,,,,,,,,,,,,,,,,,,,,,,,,,,,,,,,,,,,,,
Gütersloh,So,18.01.2015,17:18,Nordring,Marienfelder Straße,,B,61,52,0,0,0,8.366,51.9127,3,3,42,2,0,0,1,0,0,1,0,21,35,13,20,1,2,3,71,,,18,1,,,,,,,,,,,,,,,,,,,,,,,,,,,,,,,,,,,,,,,,,,,,,,,,,,,,,,,,,,,,,,,,,,,,,,,,,,,,,,,,,,,,,,,,,,,,,,,,,,,,,,,,,,,,,,,,,,,,,,,
Gütersloh,Do,22.01.2015,07:50,Schledebrückstraße,Alter Hellweg,,G,,,,,,8.36796,51.8837,3,3,1,2,0,0,1,0,0,1,0,21,28,,44,2,2,3,71,,,15,2,,,,,,,,,,,,,,,,,,,,,,,,,,,,,,,,,,,,,,,,,,,,,,,,,,,,,,,,,,,,,,,,,,,,,,,,,,,,,,,,,,,,,,,,,,,,,,,,,,,,,,,,,,,,,,,,,,,,,,,
Gütersloh,Do,22.01.2015,17:15,Reckenberger Straße,Hochstraße,,G,,,,,,8.38283,51.8984,5,3,2,2,0,0,0,0,0,1,0,71,35,,65,1,2,0,21,,,39,1,,,,,,,,,,,,,,,,,,,,,,,,,,,,,,,,,,,,,,,,,,,,,,,,,,,,,,,,,,,,,,,,,,,,,,,,,,,,,,,,,,,,,,,,,,,,,,,,,,,,,,,,,,,,,,,,,,,,,,,
Gütersloh,Fr,23.01.2015,15:45,Isselhorster Straße,,415,K,35,1,0,0,210,8.41573,51.9446,3,2,42,2,0,0,1,0,1,1,0,21,35,,62,2,2,3,71,,,14,2,,,,,,,,,,,,,,,,,,,,,,,,,,,,,,,,,,,,,,,,,,,,,,,,,,,,,,,,,,,,,,,,,,,,,,,,,,,,,,,,,,,,,,,,,,,,,,,,,,,,,,,,,,,,,,,,,,,,,,,
Gütersloh,Sa,24.01.2015,12:25,Nordhorner Straße,,164,K,37,4,0,1,100,8.44032,51.9286,3,6,81,2,0,0,1,0,1,1,0,44,49,13,46,1,2,3,71,,,39,1,,,,,,,,,,,,,,,,,,,,,,,,,,,,,,,,,,,,,,,,,,,,,,,,,,,,,,,,,,,,,,,,,,,,,,,,,,,,,,,,,,,,,,,,,,,,,,,,,,,,,,,,,,,,,,,,,,,,,,,
Gütersloh,Mo,26.01.2015,07:45,Nordring,Franz-Birkhan-Ring,,B,61,54,0,0,250,8.38216,51.9145,3,2,44,2,0,0,1,0,1,1,0,21,35,,,1,2,3,71,,,13,2,,,,,,,,,,,,,,,,,,,,,,,,,,,,,,,,,,,,,,,,,,,,,,,,,,,,,,,,,,,,,,,,,,,,,,,,,,,,,,,,,,,,,,,,,,,,,,,,,,,,,,,,,,,,,,,,,,,,,,,
Gütersloh,Mo,26.01.2015,07:52,Auf der Haar,Elbrachtsweg,,G,,,,,,8.40267,51.893,5,3,72,2,0,0,0,0,0,1,0,71,37,,18,1,2,0,21,,,44,1,,,,,,,,,,,,,,,,,,,,,,,,,,,,,,,,,,,,,,,,,,,,,,,,,,,,,,,,,,,,,,,,,,,,,,,,,,,,,,,,,,,,,,,,,,,,,,,,,,,,,,,,,,,,,,,,,,,,,,,
Gütersloh,Mo,26.01.2015,16:52,Verler Straße,Stadtring Sundern,,L,757,3,0,1,100,8.40351,51.8976,5,2,43,2,0,0,0,0,0,1,0,21,28,,27,2,2,0,71,,,17,1,,,,,,,,,,,,,,,,,,,,,,,,,,,,,,,,,,,,,,,,,,,,,,,,,,,,,,,,,,,,,,,,,,,,,,,,,,,,,,,,,,,,,,,,,,,,,,,,,,,,,,,,,,,,,,,,,,,,,,,
Gütersloh,Mi,28.01.2015,17:15,Carl-Bertelsmann-Straße,Bockschatzweg,,L,788,9,0,0,950,8.4119,51.9066,5,3,99,2,0,0,0,0,1,1,0,71,11,,,1,2,0,21,,,52,2,,,,,,,,,,,,,,,,,,,,,,,,,,,,,,,,,,,,,,,,,,,,,,,,,,,,,,,,,,,,,,,,,,,,,,,,,,,,,,,,,,,,,,,,,,,,,,,,,,,,,,,,,,,,,,,,,,,,,,,
Gütersloh,Do,29.01.2015,09:30,Barkeystraße,Bohlenstraße,,G,,,,,,8.37003,51.905,3,3,42,2,0,0,1,0,0,1,0,21,28,,44,2,2,3,71,10,,42,1,,,,,,,,,,,,,,,,,,,,,,,,,,,,,,,,,,,,,,,,,,,,,,,,,,,,,,,,,,,,,,,,,,,,,,,,,,,,,,,,,,,,,,,,,,,,,,,,,,,,,,,,,,,,,,,,,,,,,,,
Gütersloh,Do,29.01.2015,16:31,Carl-Miele-Straße,Lothringer Straße,,G,,,,,,8.39035,51.9126,3,2,11,2,0,0,1,0,0,1,0,40,35,,37,1,2,3,71,,,49,1,,,,,,,,,,,,,,,,,,,,,,,,,,,,,,,,,,,,,,,,,,,,,,,,,,,,,,,,,,,,,,,,,,,,,,,,,,,,,,,,,,,,,,,,,,,,,,,,,,,,,,,,,,,,,,,,,,,,,,,
Gütersloh,Fr,06.02.2015,05:50,Spexarder Straße,,,L,787,2,0,1,475,8.4501,51.8963,2,7,71,2,0,1,0,0,0,1,0,21,55,,30,1,2,2,71,,,49,1,,,,,,,,,,,,,,,,,,,,,,,,,,,,,,,,,,,,,,,,,,,,,,,,,,,,,,,,,,,,,,,,,,,,,,,,,,,,,,,,,,,,,,,,,,,,,,,,,,,,,,,,,,,,,,,,,,,,,,,
Gütersloh,Mi,11.02.2015,15:25,Kahlertstraße,,167,G,,,,,,8.38479,51.926,3,3,41,2,0,0,1,0,0,1,0,21,37,,44,2,2,3,72,,,70,1,,,,,,,,,,,,,,,,,,,,,,,,,,,,,,,,,,,,,,,,,,,,,,,,,,,,,,,,,,,,,,,,,,,,,,,,,,,,,,,,,,,,,,,,,,,,,,,,,,,,,,,,,,,,,,,,,,,,,,,
Gütersloh,Fr,20.02.2015,18:47,Friedrich-Ebert-Straße,Berliner Straße,,L,757,1,0,0,540,8.38122,51.9097,3,2,21,2,0,0,1,0,0,1,0,21,35,,35,2,2,3,71,,,66,2,,,,,,,,,,,,,,,,,,,,,,,,,,,,,,,,,,,,,,,,,,,,,,,,,,,,,,,,,,,,,,,,,,,,,,,,,,,,,,,,,,,,,,,,,,,,,,,,,,,,,,,,,,,,,,,,,,,,,,,
Gütersloh,Mo,23.02.2015,10:36,Kaiserstraße,,17,L,782,18,0,1,0,8.38415,51.9077,2,3,43,2,0,1,0,0,0,1,0,21,49,13,73,2,2,2,71,,,38,1,,,,,,,,,,,,,,,,,,,,,,,,,,,,,,,,,,,,,,,,,,,,,,,,,,,,,,,,,,,,,,,,,,,,,,,,,,,,,,,,,,,,,,,,,,,,,,,,,,,,,,,,,,,,,,,,,,,,,,,
Gütersloh,Mi,25.02.2015,07:35,Thaddäusstraße,Am Ölbach,,G,,,,,,8.45468,51.8821,2,1,22,1,0,1,0,0,0,1,2,71,49,,47,2,,,,,,,,,,,,,,,,,,,,,,,,,,,,,,,,,,,,,,,,,,,,,,,,,,,,,,,,,,,,,,,,,,,,,,,,,,,,,,,,,,,,,,,,,,,,,,,,,,,,,,,,,,,,,,,,,,,,,,,,,,,,,,
Gütersloh,Sa,28.02.2015,16:58,Friedrichsdorfer Straße,Isselhorster Straße,,K,35,3,0,0,0,8.43849,51.9392,3,2,24,2,0,0,1,0,0,1,0,21,35,,87,2,2,3,71,,,57,1,,,,,,,,,,,,,,,,,,,,,,,,,,,,,,,,,,,,,,,,,,,,,,,,,,,,,,,,,,,,,,,,,,,,,,,,,,,,,,,,,,,,,,,,,,,,,,,,,,,,,,,,,,,,,,,,,,,,,,,
Gütersloh,Mo,02.03.2015,12:38,Stadtring Kattenstroth,Bertelsweg,,G,,,,,,8.38263,51.8841,2,2,42,2,0,1,0,0,0,1,0,21,35,,54,2,2,2,71,11,,18,2,,,,,,,,,,,,,,,,,,,,,,,,,,,,,,,,,,,,,,,,,,,,,,,,,,,,,,,,,,,,,,,,,,,,,,,,,,,,,,,,,,,,,,,,,,,,,,,,,,,,,,,,,,,,,,,,,,,,,,,
Gütersloh,Mo,02.03.2015,17:14,Bohlenstraße,Barkeystraße,,G,,,,,,8.37001,51.905,5,3,71,2,0,0,0,0,1,1,0,71,11,49,54,1,2,0,21,28,,76,2,,,,,,,,,,,,,,,,,,,,,,,,,,,,,,,,,,,,,,,,,,,,,,,,,,,,,,,,,,,,,,,,,,,,,,,,,,,,,,,,,,,,,,,,,,,,,,,,,,,,,,,,,,,,,,,,,,,,,,,
Gütersloh,Mi,04.03.2015,13:54,Kurfürstenstraße,Vennstraße,,G,,,,,,8.37379,51.9127,3,3,72,2,0,0,1,0,0,1,3,71,37,,16,1,2,0,21,,,44,1,,,,,,,,,,,,,,,,,,,,,,,,,,,,,,,,,,,,,,,,,,,,,,,,,,,,,,,,,,,,,,,,,,,,,,,,,,,,,,,,,,,,,,,,,,,,,,,,,,,,,,,,,,,,,,,,,,,,,,,
Gütersloh,Do,05.03.2015,07:25,Stadtring Nordhorn,Stadtring Nordhorn,120,G,,,,,,8.40912,51.9239,3,3,42,2,0,0,1,0,0,1,0,21,28,,47,2,2,3,71,10,,12,1,,,,,,,,,,,,,,,,,,,,,,,,,,,,,,,,,,,,,,,,,,,,,,,,,,,,,,,,,,,,,,,,,,,,,,,,,,,,,,,,,,,,,,,,,,,,,,,,,,,,,,,,,,,,,,,,,,,,,,,
Gütersloh,So,08.03.2015,10:35,Güthstraße,,32,G,,,,,,8.44521,51.9348,3,1,99,2,0,0,1,0,0,1,3,71,49,,10,1,2,0,21,,,,0,,,,,,,,,,,,,,,,,,,,,,,,,,,,,,,,,,,,,,,,,,,,,,,,,,,,,,,,,,,,,,,,,,,,,,,,,,,,,,,,,,,,,,,,,,,,,,,,,,,,,,,,,,,,,,,,,,,,,,,
Gütersloh,Mi,11.03.2015,06:44,Neuenkirchener Straße,Steinmerschweg,,L,782,15,100,0,200,8.3948,51.8792,3,3,41,2,0,0,1,0,0,1,0,21,28,,37,1,2,3,71,46,,21,2,,,,,,,,,,,,,,,,,,,,,,,,,,,,,,,,,,,,,,,,,,,,,,,,,,,,,,,,,,,,,,,,,,,,,,,,,,,,,,,,,,,,,,,,,,,,,,,,,,,,,,,,,,,,,,,,,,,,,,,
Gütersloh,Mi,11.03.2015,13:30,Feuerbornstraße,,2,G,,,,,,8.37334,51.9002,3,6,81,2,0,0,1,0,1,1,0,71,11,,,1,2,3,71,,,12,2,,,,,,,,,,,,,,,,,,,,,,,,,,,,,,,,,,,,,,,,,,,,,,,,,,,,,,,,,,,,,,,,,,,,,,,,,,,,,,,,,,,,,,,,,,,,,,,,,,,,,,,,,,,,,,,,,,,,,,,
Gütersloh,Do,12.03.2015,15:05,Carl-Bertelsmann-Straße,,,L,788,8,0,0,240,8.39693,51.905,5,3,42,2,0,0,0,0,1,1,0,21,37,49,71,2,2,0,71,,,,2,,,,,,,,,,,,,,,,,,,,,,,,,,,,,,,,,,,,,,,,,,,,,,,,,,,,,,,,,,,,,,,,,,,,,,,,,,,,,,,,,,,,,,,,,,,,,,,,,,,,,,,,,,,,,,,,,,,,,,,
Gütersloh,Fr,13.03.2015,21:35,Friedrich-Ebert-Straße,Kaiserstraße,,L,757,2,0,0,0,8.38487,51.9089,5,3,42,2,0,0,0,0,1,1,0,71,28,,,1,2,0,21,,,47,1,,,,,,,,,,,,,,,,,,,,,,,,,,,,,,,,,,,,,,,,,,,,,,,,,,,,,,,,,,,,,,,,,,,,,,,,,,,,,,,,,,,,,,,,,,,,,,,,,,,,,,,,,,,,,,,,,,,,,,,
Gütersloh,So,15.03.2015,21:20,Yorckstraße,Blücherstraße,,G,,,,,,8.37911,51.9162,5,2,61,2,0,0,0,0,0,1,0,21,11,,19,1,2,0,71,,,54,1,,,,,,,,,,,,,,,,,,,,,,,,,,,,,,,,,,,,,,,,,,,,,,,,,,,,,,,,,,,,,,,,,,,,,,,,,,,,,,,,,,,,,,,,,,,,,,,,,,,,,,,,,,,,,,,,,,,,,,,
Gütersloh,Mo,16.03.2015,09:20,Isselhorster Straße,Akazienweg,,K,36,3,0,0,895,8.43936,51.9384,3,3,42,2,0,0,1,0,0,1,0,21,37,,35,2,2,3,71,10,10,28,1,,,,,,,,,,,,,,,,,,,,,,,,,,,,,,,,,,,,,,,,,,,,,,,,,,,,,,,,,,,,,,,,,,,,,,,,,,,,,,,,,,,,,,,,,,,,,,,,,,,,,,,,,,,,,,,,,,,,,,,
Gütersloh,Di,17.03.2015,11:50,Magnolienweg,,,G,,,,,,8.38625,51.9272,5,3,71,2,0,0,0,0,1,1,0,71,37,,15,1,2,0,21,49,,33,1,,,,,,,,,,,,,,,,,,,,,,,,,,,,,,,,,,,,,,,,,,,,,,,,,,,,,,,,,,,,,,,,,,,,,,,,,,,,,,,,,,,,,,,,,,,,,,,,,,,,,,,,,,,,,,,,,,,,,,,
Gütersloh,So,22.03.2015,18:00,Wiedenbrücker Straße,Auf`m Kampe,,B,61,49,0,2,500,8.35798,51.8845,3,2,23,2,0,0,1,0,0,1,0,21,35,,37,1,2,3,71,,,29,1,,,,,,,,,,,,,,,,,,,,,,,,,,,,,,,,,,,,,,,,,,,,,,,,,,,,,,,,,,,,,,,,,,,,,,,,,,,,,,,,,,,,,,,,,,,,,,,,,,,,,,,,,,,,,,,,,,,,,,,
Gütersloh,Mo,23.03.2015,15:57,Carl-Miele-Straße,Ottilienstraße,,K,37,1,0,1,760,8.40987,51.9129,3,3,42,2,0,0,1,0,0,1,0,21,28,,41,2,2,3,71,10,,17,2,,,,,,,,,,,,,,,,,,,,,,,,,,,,,,,,,,,,,,,,,,,,,,,,,,,,,,,,,,,,,,,,,,,,,,,,,,,,,,,,,,,,,,,,,,,,,,,,,,,,,,,,,,,,,,,,,,,,,,,
Gütersloh,Mi,25.03.2015,19:42,Friedrich-Ebert-Straße,,25,L,757,1,0,0,310,8.37972,51.9116,2,1,81,1,0,1,0,0,0,1,2,71,13,50,34,1,,,,,,,,,,,,,,,,,,,,,,,,,,,,,,,,,,,,,,,,,,,,,,,,,,,,,,,,,,,,,,,,,,,,,,,,,,,,,,,,,,,,,,,,,,,,,,,,,,,,,,,,,,,,,,,,,,,,,,,,,,,,,,
Gütersloh,Mi,25.03.2015,11:43,Carl-Miele-Straße,Luisenstraße,,K,37,1,0,1,150,8.40094,51.9112,5,3,42,2,0,0,0,0,0,1,0,71,10,48,39,2,2,0,21,,,40,1,,,,,,,,,,,,,,,,,,,,,,,,,,,,,,,,,,,,,,,,,,,,,,,,,,,,,,,,,,,,,,,,,,,,,,,,,,,,,,,,,,,,,,,,,,,,,,,,,,,,,,,,,,,,,,,,,,,,,,,
Gütersloh,So,29.03.2015,00:53,Ackerstraße,,25,G,,,,,,8.38268,51.9137,3,7,21,2,0,0,1,0,0,1,0,21,36,,60,2,2,3,71,11,,29,1,,,,,,,,,,,,,,,,,,,,,,,,,,,,,,,,,,,,,,,,,,,,,,,,,,,,,,,,,,,,,,,,,,,,,,,,,,,,,,,,,,,,,,,,,,,,,,,,,,,,,,,,,,,,,,,,,,,,,,,
Gütersloh,Di,07.04.2015,06:00,Königstraße,,42,G,,,,,,8.37387,51.9072,5,5,1,2,0,0,0,0,0,1,0,71,14,,30,1,2,0,21,,,22,1,,,,,,,,,,,,,,,,,,,,,,,,,,,,,,,,,,,,,,,,,,,,,,,,,,,,,,,,,,,,,,,,,,,,,,,,,,,,,,,,,,,,,,,,,,,,,,,,,,,,,,,,,,,,,,,,,,,,,,,
Gütersloh,Do,09.04.2015,13:50,Berliner Straße,Nordring,,G,,,,,,8.38773,51.9126,2,2,43,2,0,1,0,0,0,1,0,21,35,,31,2,2,2,72,,,89,1,,,,,,,,,,,,,,,,,,,,,,,,,,,,,,,,,,,,,,,,,,,,,,,,,,,,,,,,,,,,,,,,,,,,,,,,,,,,,,,,,,,,,,,,,,,,,,,,,,,,,,,,,,,,,,,,,,,,,,,
Gütersloh,Fr,10.04.2015,08:48,Brockhäger Straße,,20,L,782,20,0,0,275,8.37203,51.9166,3,3,42,2,0,0,1,0,0,1,0,21,37,,48,1,2,3,71,10,,45,1,,,,,,,,,,,,,,,,,,,,,,,,,,,,,,,,,,,,,,,,,,,,,,,,,,,,,,,,,,,,,,,,,,,,,,,,,,,,,,,,,,,,,,,,,,,,,,,,,,,,,,,,,,,,,,,,,,,,,,,
Gütersloh,Fr,10.04.2015,16:55,Krummer Weg,Alte Buschstraße,,G,,,,,,8.384,51.8858,5,3,23,2,0,0,0,0,0,1,0,71,27,,8,2,2,0,21,,,30,1,,,,,,,,,,,,,,,,,,,,,,,,,,,,,,,,,,,,,,,,,,,,,,,,,,,,,,,,,,,,,,,,,,,,,,,,,,,,,,,,,,,,,,,,,,,,,,,,,,,,,,,,,,,,,,,,,,,,,,,
Gütersloh,Di,14.04.2015,21:37,Hans-Böckler-Straße,,14,G,,,,,,8.36039,51.8898,3,3,42,2,0,0,1,0,0,1,0,21,37,,31,2,2,3,71,10,,57,2,,,,,,,,,,,,,,,,,,,,,,,,,,,,,,,,,,,,,,,,,,,,,,,,,,,,,,,,,,,,,,,,,,,,,,,,,,,,,,,,,,,,,,,,,,,,,,,,,,,,,,,,,,,,,,,,,,,,,,,
Gütersloh,Mi,15.04.2015,07:57,Herzebrocker Straße,Thomas-Morus-Straße,,L,788,3,0,5,190,8.35116,51.9031,3,2,24,2,0,0,1,0,0,1,0,21,35,,49,2,2,3,71,,,79,1,,,,,,,,,,,,,,,,,,,,,,,,,,,,,,,,,,,,,,,,,,,,,,,,,,,,,,,,,,,,,,,,,,,,,,,,,,,,,,,,,,,,,,,,,,,,,,,,,,,,,,,,,,,,,,,,,,,,,,,
Gütersloh,Mi,15.04.2015,17:14,Rhedaer Straße,Ostpreußenweg,,G,,,,,,8.3524,51.8884,3,2,2,2,0,0,1,0,0,1,3,11,22,,40,1,2,0,71,35,,44,2,,,,,,,,,,,,,,,,,,,,,,,,,,,,,,,,,,,,,,,,,,,,,,,,,,,,,,,,,,,,,,,,,,,,,,,,,,,,,,,,,,,,,,,,,,,,,,,,,,,,,,,,,,,,,,,,,,,,,,,
Gütersloh,Do,16.04.2015,12:31,Blessenstätte,,23,G,,,,,,8.3753,51.9043,3,3,99,2,0,0,1,0,0,1,0,21,37,,67,1,2,3,71,10,,14,2,,,,,,,,,,,,,,,,,,,,,,,,,,,,,,,,,,,,,,,,,,,,,,,,,,,,,,,,,,,,,,,,,,,,,,,,,,,,,,,,,,,,,,,,,,,,,,,,,,,,,,,,,,,,,,,,,,,,,,,
Gütersloh,Do,16.04.2015,09:59,Hohenzollernstraße,Roonstraße,,G,,,,,,8.37484,51.9087,3,2,61,2,0,0,1,0,0,1,0,21,35,,55,1,2,3,71,,,27,2,,,,,,,,,,,,,,,,,,,,,,,,,,,,,,,,,,,,,,,,,,,,,,,,,,,,,,,,,,,,,,,,,,,,,,,,,,,,,,,,,,,,,,,,,,,,,,,,,,,,,,,,,,,,,,,,,,,,,,,
Gütersloh,So,19.04.2015,15:01,Holler Straße,Surenhofsweg,,K,34,1,0,1,22,8.37434,51.9282,3,2,2,2,0,0,2,0,0,1,3,21,18,,23,2,2,3,71,35,,23,2,,,,,,,,,,,,,,,,,,,,,,,,,,,,,,,,,,,,,,,,,,,,,,,,,,,,,,,,,,,,,,,,,,,,,,,,,,,,,,,,,,,,,,,,,,,,,,,,,,,,,,,,,,,,,,,,,,,,,,,
Gütersloh,Di,21.04.2015,10:35,Friedrich-Ebert-Straße,,,L,757,1,0,0,190,8.3791,51.9129,2,1,41,2,0,1,0,0,0,1,2,71,10,4,14,2,2,0,21,,,39,1,,,,,,,,,,,,,,,,,,,,,,,,,,,,,,,,,,,,,,,,,,,,,,,,,,,,,,,,,,,,,,,,,,,,,,,,,,,,,,,,,,,,,,,,,,,,,,,,,,,,,,,,,,,,,,,,,,,,,,,
Gütersloh,Fr,24.04.2015,18:35,Daltropstraße,Glockengießerstraße,1214,G,,,,,,8.37478,51.9054,3,3,71,2,0,0,1,0,0,1,3,71,37,,62,2,2,0,21,49,,49,2,,,,,,,,,,,,,,,,,,,,,,,,,,,,,,,,,,,,,,,,,,,,,,,,,,,,,,,,,,,,,,,,,,,,,,,,,,,,,,,,,,,,,,,,,,,,,,,,,,,,,,,,,,,,,,,,,,,,,,,
Gütersloh,Sa,25.04.2015,05:24,Osnabrücker Landstraße,,1,K,32,1,0,0,150,8.42577,51.9114,3,3,3,2,0,0,1,0,0,1,0,21,37,,19,2,2,3,72,50,,29,1,,,,,,,,,,,,,,,,,,,,,,,,,,,,,,,,,,,,,,,,,,,,,,,,,,,,,,,,,,,,,,,,,,,,,,,,,,,,,,,,,,,,,,,,,,,,,,,,,,,,,,,,,,,,,,,,,,,,,,,
Gütersloh,Mo,27.04.2015,19:06,Hellweg,,161,G,,,,,,8.38454,51.8839,3,1,41,1,0,0,1,0,0,1,3,71,49,10,12,1,,,,,,,,,,,,,,,,,,,,,,,,,,,,,,,,,,,,,,,,,,,,,,,,,,,,,,,,,,,,,,,,,,,,,,,,,,,,,,,,,,,,,,,,,,,,,,,,,,,,,,,,,,,,,,,,,,,,,,,,,,,,,,
Gütersloh,Mi,29.04.2015,11:50,Berliner Straße,,123,G,,,,,,8.385,51.911,3,7,99,2,0,0,1,0,0,1,0,81,64,,20,1,2,3,71,,,60,2,,,,,,,,,,,,,,,,,,,,,,,,,,,,,,,,,,,,,,,,,,,,,,,,,,,,,,,,,,,,,,,,,,,,,,,,,,,,,,,,,,,,,,,,,,,,,,,,,,,,,,,,,,,,,,,,,,,,,,,
Gütersloh,Mi,29.04.2015,14:55,Berliner Straße,,55,G,,,,,,8.38016,51.908,3,7,99,2,0,0,1,0,0,1,0,71,42,10,59,1,2,3,81,,,53,2,,,,,,,,,,,,,,,,,,,,,,,,,,,,,,,,,,,,,,,,,,,,,,,,,,,,,,,,,,,,,,,,,,,,,,,,,,,,,,,,,,,,,,,,,,,,,,,,,,,,,,,,,,,,,,,,,,,,,,,
Gütersloh,Do,30.04.2015,07:53,Hans-Böckler-Straße,,46,G,,,,,,8.35536,51.8861,3,3,72,2,0,0,1,0,0,1,3,71,11,37,31,1,2,0,21,,,31,1,,,,,,,,,,,,,,,,,,,,,,,,,,,,,,,,,,,,,,,,,,,,,,,,,,,,,,,,,,,,,,,,,,,,,,,,,,,,,,,,,,,,,,,,,,,,,,,,,,,,,,,,,,,,,,,,,,,,,,,
Gütersloh,Do,30.04.2015,16:02,Goethestraße,Humboldtstraße,,G,,,,,,8.38595,51.9172,5,3,71,2,0,0,0,0,0,1,0,71,37,,14,1,2,0,21,,,21,2,,,,,,,,,,,,,,,,,,,,,,,,,,,,,,,,,,,,,,,,,,,,,,,,,,,,,,,,,,,,,,,,,,,,,,,,,,,,,,,,,,,,,,,,,,,,,,,,,,,,,,,,,,,,,,,,,,,,,,,
Gütersloh,Di,05.05.2015,08:49,Nordring,Kahlertstraße,,B,61,54,0,0,160,8.38149,51.9144,3,2,43,2,0,0,1,0,0,1,0,44,35,,40,1,2,3,71,,,13,2,,,,,,,,,,,,,,,,,,,,,,,,,,,,,,,,,,,,,,,,,,,,,,,,,,,,,,,,,,,,,,,,,,,,,,,,,,,,,,,,,,,,,,,,,,,,,,,,,,,,,,,,,,,,,,,,,,,,,,,
Gütersloh,Di,05.05.2015,08:40,Carl-Bertelsmann-Straße,Oststraße,,L,788,8,0,0,150,8.39521,51.9049,3,2,11,2,0,0,1,0,0,1,0,21,32,,42,1,2,3,71,,,60,2,,,,,,,,,,,,,,,,,,,,,,,,,,,,,,,,,,,,,,,,,,,,,,,,,,,,,,,,,,,,,,,,,,,,,,,,,,,,,,,,,,,,,,,,,,,,,,,,,,,,,,,,,,,,,,,,,,,,,,,
Gütersloh,Di,05.05.2015,15:53,Oststraße,Kreuzstraße,,G,,,,,,8.39455,51.9097,3,3,1,2,0,0,1,0,0,1,3,71,27,49,16,1,2,0,21,,,56,2,,,,,,,,,,,,,,,,,,,,,,,,,,,,,,,,,,,,,,,,,,,,,,,,,,,,,,,,,,,,,,,,,,,,,,,,,,,,,,,,,,,,,,,,,,,,,,,,,,,,,,,,,,,,,,,,,,,,,,,
Gütersloh,Di,05.05.2015,11:55,Wiedenbrücker Straße,,,B,61,49,0,3,500,8.36249,51.8906,5,6,23,2,0,0,0,0,0,1,0,71,49,,32,1,2,0,21,,,66,1,,,,,,,,,,,,,,,,,,,,,,,,,,,,,,,,,,,,,,,,,,,,,,,,,,,,,,,,,,,,,,,,,,,,,,,,,,,,,,,,,,,,,,,,,,,,,,,,,,,,,,,,,,,,,,,,,,,,,,,
Gütersloh,Mi,06.05.2015,17:25,Unter den Ulmen,,33,G,,,,,,8.3735,51.9006,3,7,14,2,0,0,1,0,0,1,0,21,36,37,43,1,2,3,71,16,,44,1,,,,,,,,,,,,,,,,,,,,,,,,,,,,,,,,,,,,,,,,,,,,,,,,,,,,,,,,,,,,,,,,,,,,,,,,,,,,,,,,,,,,,,,,,,,,,,,,,,,,,,,,,,,,,,,,,,,,,,,
Gütersloh,Do,07.05.2015,14:28,Bäckerkamp,Humboldtstraße,,G,,,,,,8.38884,51.9192,2,3,21,2,0,1,0,0,0,1,2,71,27,,13,1,2,0,21,27,,44,1,,,,,,,,,,,,,,,,,,,,,,,,,,,,,,,,,,,,,,,,,,,,,,,,,,,,,,,,,,,,,,,,,,,,,,,,,,,,,,,,,,,,,,,,,,,,,,,,,,,,,,,,,,,,,,,,,,,,,,,
Gütersloh,Sa,09.05.2015,13:56,Brockhäger Straße,,24,L,782,20,0,0,275,8.37201,51.9167,3,3,42,2,0,0,1,0,0,1,0,21,37,,45,1,2,3,71,,,52,1,,,,,,,,,,,,,,,,,,,,,,,,,,,,,,,,,,,,,,,,,,,,,,,,,,,,,,,,,,,,,,,,,,,,,,,,,,,,,,,,,,,,,,,,,,,,,,,,,,,,,,,,,,,,,,,,,,,,,,,
Gütersloh,Di,12.05.2015,19:15,Grenzweg,,5,G,,,,,,8.35754,51.9101,3,7,99,1,0,0,1,0,0,1,3,71,49,,11,1,,,,,,,,,,,,,,,,,,,,,,,,,,,,,,,,,,,,,,,,,,,,,,,,,,,,,,,,,,,,,,,,,,,,,,,,,,,,,,,,,,,,,,,,,,,,,,,,,,,,,,,,,,,,,,,,,,,,,,,,,,,,,,
Gütersloh,Di,12.05.2015,19:32,Ottilienstraße,,28,G,,,,,,8.40571,51.9077,2,1,41,1,0,1,0,1,0,1,2,71,1,49,47,1,,,,,,,,,,,,,,,,,,,,,,,,,,,,,,,,,,,,,,,,,,,,,,,,,,,,,,,,,,,,,,,,,,,,,,,,,,,,,,,,,,,,,,,,,,,,,,,,,,,,,,,,,,,,,,,,,,,,,,,,,,,,,,
Gütersloh,Mi,13.05.2015,15:20,Carl-Bertelsmann-Straße,Marienstraße,,L,788,9,0,0,220,8.40156,51.9053,3,3,42,2,0,0,1,0,0,1,0,21,28,,57,2,2,3,71,10,,43,1,,,,,,,,,,,,,,,,,,,,,,,,,,,,,,,,,,,,,,,,,,,,,,,,,,,,,,,,,,,,,,,,,,,,,,,,,,,,,,,,,,,,,,,,,,,,,,,,,,,,,,,,,,,,,,,,,,,,,,,
Gütersloh,Mi,13.05.2015,13:36,Nordring,Kahlertstraße,,B,61,52,0,0,160,8.38156,51.9145,3,6,49,2,0,0,1,0,0,1,0,71,49,,11,2,2,3,3,,,71,1,,,,,,,,,,,,,,,,,,,,,,,,,,,,,,,,,,,,,,,,,,,,,,,,,,,,,,,,,,,,,,,,,,,,,,,,,,,,,,,,,,,,,,,,,,,,,,,,,,,,,,,,,,,,,,,,,,,,,,,
Gütersloh,Do,14.05.2015,17:30,Buxelstraße,,27,G,,,,,,8.3554,51.8951,3,1,49,1,0,0,1,1,0,1,3,71,1,49,49,2,,,,,,,,,,,,,,,,,,,,,,,,,,,,,,,,,,,,,,,,,,,,,,,,,,,,,,,,,,,,,,,,,,,,,,,,,,,,,,,,,,,,,,,,,,,,,,,,,,,,,,,,,,,,,,,,,,,,,,,,,,,,,,
Gütersloh,Do,14.05.2015,18:23,Kaiserstraße,,,G,,,,,,8.38421,51.9079,5,1,99,2,0,0,0,0,0,1,0,71,49,,30,1,2,0,21,,,,0,,,,,,,,,,,,,,,,,,,,,,,,,,,,,,,,,,,,,,,,,,,,,,,,,,,,,,,,,,,,,,,,,,,,,,,,,,,,,,,,,,,,,,,,,,,,,,,,,,,,,,,,,,,,,,,,,,,,,,,
Gütersloh,Fr,15.05.2015,18:01,Ahornallee,Am Schlangenbach,,G,,,,,,8.39144,51.9238,5,3,72,2,0,0,0,0,1,1,0,71,27,,,1,2,0,21,,,25,2,,,,,,,,,,,,,,,,,,,,,,,,,,,,,,,,,,,,,,,,,,,,,,,,,,,,,,,,,,,,,,,,,,,,,,,,,,,,,,,,,,,,,,,,,,,,,,,,,,,,,,,,,,,,,,,,,,,,,,,
Gütersloh,Mo,18.05.2015,13:30,Alte Heidewaldstraße,,1,G,,,,,,8.39442,51.8873,3,6,81,2,0,0,1,0,1,1,0,71,13,,,0,2,3,81,,,6,1,,,,,,,,,,,,,,,,,,,,,,,,,,,,,,,,,,,,,,,,,,,,,,,,,,,,,,,,,,,,,,,,,,,,,,,,,,,,,,,,,,,,,,,,,,,,,,,,,,,,,,,,,,,,,,,,,,,,,,,
Gütersloh,Di,19.05.2015,14:46,Westring,Rhedaer Straße,,B,61,49,0,3,800,8.36156,51.8934,3,2,11,2,0,0,1,0,0,1,0,21,35,,46,1,2,3,71,,,47,2,,,,,,,,,,,,,,,,,,,,,,,,,,,,,,,,,,,,,,,,,,,,,,,,,,,,,,,,,,,,,,,,,,,,,,,,,,,,,,,,,,,,,,,,,,,,,,,,,,,,,,,,,,,,,,,,,,,,,,,
Gütersloh,Fr,22.05.2015,19:11,Neuenkirchener Straße,Stadtring Sundern,,L,782,15,100,1,100,8.38929,51.8865,3,2,85,2,0,0,1,0,0,1,0,21,35,,20,1,2,3,71,,,36,1,,,,,,,,,,,,,,,,,,,,,,,,,,,,,,,,,,,,,,,,,,,,,,,,,,,,,,,,,,,,,,,,,,,,,,,,,,,,,,,,,,,,,,,,,,,,,,,,,,,,,,,,,,,,,,,,,,,,,,,
Gütersloh,Sa,23.05.2015,18:20,Hohenzollernstraße,,22,G,,,,,,8.37535,51.9081,5,5,81,2,0,0,0,0,0,1,0,21,45,,37,2,2,0,71,,,22,1,,,,,,,,,,,,,,,,,,,,,,,,,,,,,,,,,,,,,,,,,,,,,,,,,,,,,,,,,,,,,,,,,,,,,,,,,,,,,,,,,,,,,,,,,,,,,,,,,,,,,,,,,,,,,,,,,,,,,,,
Gütersloh,Di,26.05.2015,08:33,Fuhrmannsgasse,,7,G,,,,,,8.37902,51.9076,3,3,42,2,0,0,1,0,0,1,0,21,37,,29,2,2,3,71,49,,74,2,,,,,,,,,,,,,,,,,,,,,,,,,,,,,,,,,,,,,,,,,,,,,,,,,,,,,,,,,,,,,,,,,,,,,,,,,,,,,,,,,,,,,,,,,,,,,,,,,,,,,,,,,,,,,,,,,,,,,,,
Gütersloh,Mi,27.05.2015,16:20,Wiedenbrücker Straße,Heinrich Humbert Weg,,G,,,,,,8.36372,51.8908,2,7,99,2,0,1,0,0,1,1,0,71,49,,,1,2,2,71,,,60,2,,,,,,,,,,,,,,,,,,,,,,,,,,,,,,,,,,,,,,,,,,,,,,,,,,,,,,,,,,,,,,,,,,,,,,,,,,,,,,,,,,,,,,,,,,,,,,,,,,,,,,,,,,,,,,,,,,,,,,,
Gütersloh,Do,28.05.2015,07:10,Nordring,Marienfelder Straße,,B,61,52,0,0,0,8.366,51.9127,3,6,81,2,0,0,1,0,1,1,0,71,10,,19,1,2,3,71,,,53,2,,,,,,,,,,,,,,,,,,,,,,,,,,,,,,,,,,,,,,,,,,,,,,,,,,,,,,,,,,,,,,,,,,,,,,,,,,,,,,,,,,,,,,,,,,,,,,,,,,,,,,,,,,,,,,,,,,,,,,,
Gütersloh,Fr,29.05.2015,09:58,Münsterlandstraße,Pivitsheide,,L,806,13,0,0,700,8.35357,51.9511,3,3,22,2,0,0,1,0,0,1,3,71,28,,75,1,2,0,40,,,38,1,,,,,,,,,,,,,,,,,,,,,,,,,,,,,,,,,,,,,,,,,,,,,,,,,,,,,,,,,,,,,,,,,,,,,,,,,,,,,,,,,,,,,,,,,,,,,,,,,,,,,,,,,,,,,,,,,,,,,,,
Gütersloh,Di,02.06.2015,08:19,Neuenkirchener Straße,Bruder-Konrad-Straße,,L,782,15,100,0,0,8.39647,51.8777,3,3,44,2,0,0,1,0,0,1,3,71,28,,18,1,2,0,21,,,49,2,,,,,,,,,,,,,,,,,,,,,,,,,,,,,,,,,,,,,,,,,,,,,,,,,,,,,,,,,,,,,,,,,,,,,,,,,,,,,,,,,,,,,,,,,,,,,,,,,,,,,,,,,,,,,,,,,,,,,,,
Gütersloh,Mi,03.06.2015,19:38,Wöstmannsweg,Hellweg,,G,,,,,,8.39847,51.8839,3,3,21,2,0,0,1,0,0,1,0,21,27,,34,1,2,3,71,,,18,2,,,,,,,,,,,,,,,,,,,,,,,,,,,,,,,,,,,,,,,,,,,,,,,,,,,,,,,,,,,,,,,,,,,,,,,,,,,,,,,,,,,,,,,,,,,,,,,,,,,,,,,,,,,,,,,,,,,,,,,
Gütersloh,Mi,03.06.2015,19:05,Neuenkirchener Straße,Parkstraße,,L,782,18,0,0,130,8.37908,51.9012,5,3,74,2,0,0,0,0,0,1,0,71,37,,15,2,2,0,21,,,57,2,,,,,,,,,,,,,,,,,,,,,,,,,,,,,,,,,,,,,,,,,,,,,,,,,,,,,,,,,,,,,,,,,,,,,,,,,,,,,,,,,,,,,,,,,,,,,,,,,,,,,,,,,,,,,,,,,,,,,,,
Gütersloh,Do,04.06.2015,13:58,Bielefelder Straße,Sinnernweg,,B,61,57,0,0,80,8.42934,51.9445,5,3,42,2,0,0,0,0,0,1,0,21,28,,27,1,2,0,71,,,35,1,,,,,,,,,,,,,,,,,,,,,,,,,,,,,,,,,,,,,,,,,,,,,,,,,,,,,,,,,,,,,,,,,,,,,,,,,,,,,,,,,,,,,,,,,,,,,,,,,,,,,,,,,,,,,,,,,,,,,,,
Gütersloh,Fr,05.06.2015,19:15,Pavenstädter Weg,,20,G,,,,,,8.35494,51.9065,5,7,99,2,0,0,0,0,1,1,0,21,49,,,0,2,0,71,,,,0,,,,,,,,,,,,,,,,,,,,,,,,,,,,,,,,,,,,,,,,,,,,,,,,,,,,,,,,,,,,,,,,,,,,,,,,,,,,,,,,,,,,,,,,,,,,,,,,,,,,,,,,,,,,,,,,,,,,,,,
Gütersloh,So,07.06.2015,14:50,Haller Straße,Reithallenweg,,K,32,7,0,0,550,8.38695,51.9593,2,2,44,2,0,1,0,0,0,1,0,21,35,,35,1,2,2,71,,,22,1,,,,,,,,,,,,,,,,,,,,,,,,,,,,,,,,,,,,,,,,,,,,,,,,,,,,,,,,,,,,,,,,,,,,,,,,,,,,,,,,,,,,,,,,,,,,,,,,,,,,,,,,,,,,,,,,,,,,,,,
Gütersloh,Mi,10.06.2015,07:55,Neuenkirchener Straße,Hellweg,,L,782,15,100,0,735,8.39143,51.8835,3,6,31,2,0,0,1,0,0,1,0,71,16,,15,1,2,3,71,,,69,2,,,,,,,,,,,,,,,,,,,,,,,,,,,,,,,,,,,,,,,,,,,,,,,,,,,,,,,,,,,,,,,,,,,,,,,,,,,,,,,,,,,,,,,,,,,,,,,,,,,,,,,,,,,,,,,,,,,,,,,
Gütersloh,Mi,10.06.2015,17:52,Avenwedder Straße,,469,L,788,14,0,0,250,8.48017,51.9351,5,7,14,2,0,0,0,0,0,1,0,21,37,,24,1,2,0,72,,,15,1,,,,,,,,,,,,,,,,,,,,,,,,,,,,,,,,,,,,,,,,,,,,,,,,,,,,,,,,,,,,,,,,,,,,,,,,,,,,,,,,,,,,,,,,,,,,,,,,,,,,,,,,,,,,,,,,,,,,,,,
Gütersloh,Fr,12.06.2015,13:40,Carl-Miele-Straße,Doheermanns Höhe,,K,37,1,0,2,40,8.41308,51.9129,3,3,2,2,0,0,1,0,0,1,0,72,2,11,30,1,2,3,71,,,55,2,,,,,,,,,,,,,,,,,,,,,,,,,,,,,,,,,,,,,,,,,,,,,,,,,,,,,,,,,,,,,,,,,,,,,,,,,,,,,,,,,,,,,,,,,,,,,,,,,,,,,,,,,,,,,,,,,,,,,,,
Gütersloh,Fr,12.06.2015,16:19,Nordhorner Straße,Pinienweg,,K,37,4,0,1,180,8.44134,51.9292,3,3,42,2,0,0,1,0,0,1,0,21,37,,34,1,2,3,71,10,,71,1,,,,,,,,,,,,,,,,,,,,,,,,,,,,,,,,,,,,,,,,,,,,,,,,,,,,,,,,,,,,,,,,,,,,,,,,,,,,,,,,,,,,,,,,,,,,,,,,,,,,,,,,,,,,,,,,,,,,,,,
Gütersloh,Fr,12.06.2015,13:29,Kahlertstraße,Nordring,,B,61,54,0,0,160,8.38152,51.9144,5,3,21,2,0,0,0,0,0,1,0,71,49,,11,1,2,0,21,,,21,1,,,,,,,,,,,,,,,,,,,,,,,,,,,,,,,,,,,,,,,,,,,,,,,,,,,,,,,,,,,,,,,,,,,,,,,,,,,,,,,,,,,,,,,,,,,,,,,,,,,,,,,,,,,,,,,,,,,,,,,
Gütersloh,So,14.06.2015,11:00,Friedhofstraße,Bultmannstraße,,G,,,,,,8.37099,51.9005,3,3,21,2,0,0,1,0,1,1,0,21,27,,,0,2,3,71,,,26,1,,,,,,,,,,,,,,,,,,,,,,,,,,,,,,,,,,,,,,,,,,,,,,,,,,,,,,,,,,,,,,,,,,,,,,,,,,,,,,,,,,,,,,,,,,,,,,,,,,,,,,,,,,,,,,,,,,,,,,,
Gütersloh,Mo,15.06.2015,22:46,Berliner Straße,,228,B,61,55,100,0,385,8.39388,51.9173,2,3,42,2,0,1,0,0,0,1,0,21,37,,35,2,2,2,71,10,,20,1,,,,,,,,,,,,,,,,,,,,,,,,,,,,,,,,,,,,,,,,,,,,,,,,,,,,,,,,,,,,,,,,,,,,,,,,,,,,,,,,,,,,,,,,,,,,,,,,,,,,,,,,,,,,,,,,,,,,,,,
Gütersloh,Mo,15.06.2015,15:35,Herzebrocker Straße,,,L,788,3,0,5,300,8.35403,51.9027,3,6,81,2,0,0,1,0,0,1,0,71,11,49,25,1,2,3,71,,,45,1,,,,,,,,,,,,,,,,,,,,,,,,,,,,,,,,,,,,,,,,,,,,,,,,,,,,,,,,,,,,,,,,,,,,,,,,,,,,,,,,,,,,,,,,,,,,,,,,,,,,,,,,,,,,,,,,,,,,,,,
Gütersloh,Mi,17.06.2015,10:20,Unter den Ulmen,Cäcilienstraße,,G,,,,,,8.36975,51.8975,3,3,41,2,0,0,1,0,0,1,0,21,28,,77,1,2,3,71,10,,17,2,,,,,,,,,,,,,,,,,,,,,,,,,,,,,,,,,,,,,,,,,,,,,,,,,,,,,,,,,,,,,,,,,,,,,,,,,,,,,,,,,,,,,,,,,,,,,,,,,,,,,,,,,,,,,,,,,,,,,,,
Gütersloh,Mi,17.06.2015,17:32,Fuchsweg,,23,G,,,,,,8.46005,51.9246,3,3,1,2,0,0,1,0,0,1,3,71,37,,8,1,2,0,21,,,36,2,,,,,,,,,,,,,,,,,,,,,,,,,,,,,,,,,,,,,,,,,,,,,,,,,,,,,,,,,,,,,,,,,,,,,,,,,,,,,,,,,,,,,,,,,,,,,,,,,,,,,,,,,,,,,,,,,,,,,,,
Gütersloh,Fr,19.06.2015,15:20,Carl-Bertelsmann-Straße,Langer Weg,,G,,,,,,8.38497,51.9052,2,3,42,2,0,1,0,0,0,1,0,21,28,,41,2,2,2,71,10,,75,2,,,,,,,,,,,,,,,,,,,,,,,,,,,,,,,,,,,,,,,,,,,,,,,,,,,,,,,,,,,,,,,,,,,,,,,,,,,,,,,,,,,,,,,,,,,,,,,,,,,,,,,,,,,,,,,,,,,,,,,
Gütersloh,Mo,22.06.2015,08:20,Marienfelder Straße,Prinzenstraße,,G,,,,,,8.37135,51.9099,3,7,99,1,0,0,1,0,0,1,3,71,55,,61,2,,,,,,,,,,,,,,,,,,,,,,,,,,,,,,,,,,,,,,,,,,,,,,,,,,,,,,,,,,,,,,,,,,,,,,,,,,,,,,,,,,,,,,,,,,,,,,,,,,,,,,,,,,,,,,,,,,,,,,,,,,,,,,
Gütersloh,Mo,22.06.2015,16:05,Friedrich-Ebert-Straße,,17,L,757,1,0,0,190,8.37919,51.9124,3,7,99,2,0,0,1,0,0,1,0,21,10,,49,1,2,3,71,,,12,1,,,,,,,,,,,,,,,,,,,,,,,,,,,,,,,,,,,,,,,,,,,,,,,,,,,,,,,,,,,,,,,,,,,,,,,,,,,,,,,,,,,,,,,,,,,,,,,,,,,,,,,,,,,,,,,,,,,,,,,
Gütersloh,Mi,24.06.2015,09:08,Münsterstraße,Spiekergasse,,G,,,,,,8.37617,51.9063,3,2,24,2,0,0,1,0,0,1,0,21,35,,60,1,2,3,71,10,,70,2,,,,,,,,,,,,,,,,,,,,,,,,,,,,,,,,,,,,,,,,,,,,,,,,,,,,,,,,,,,,,,,,,,,,,,,,,,,,,,,,,,,,,,,,,,,,,,,,,,,,,,,,,,,,,,,,,,,,,,,
Gütersloh,Mi,24.06.2015,11:45,Sundernstraße,Stadtring Sundern,,K,38,1,0,0,510,8.40557,51.9039,5,2,41,2,0,0,0,0,1,1,0,21,35,,,2,2,0,71,,,13,1,,,,,,,,,,,,,,,,,,,,,,,,,,,,,,,,,,,,,,,,,,,,,,,,,,,,,,,,,,,,,,,,,,,,,,,,,,,,,,,,,,,,,,,,,,,,,,,,,,,,,,,,,,,,,,,,,,,,,,,
Gütersloh,So,28.06.2015,13:46,Wilhelm-Baumann-Straße,,4,G,,,,,,8.36578,51.9048,3,3,71,2,0,0,2,0,0,1,3,71,49,37,17,1,2,3,71,,,57,1,,,,,,,,,,,,,,,,,,,,,,,,,,,,,,,,,,,,,,,,,,,,,,,,,,,,,,,,,,,,,,,,,,,,,,,,,,,,,,,,,,,,,,,,,,,,,,,,,,,,,,,,,,,,,,,,,,,,,,,
Gütersloh,Di,30.06.2015,18:40,Nordring,,99,B,61,52,0,0,165,8.3682,51.9132,3,6,29,2,0,0,1,0,0,1,3,71,13,49,14,1,2,0,21,,,25,1,,,,,,,,,,,,,,,,,,,,,,,,,,,,,,,,,,,,,,,,,,,,,,,,,,,,,,,,,,,,,,,,,,,,,,,,,,,,,,,,,,,,,,,,,,,,,,,,,,,,,,,,,,,,,,,,,,,,,,,
Gütersloh,Di,30.06.2015,16:09,Neuenkirchener Straße,Spexarder Postweg,,L,782,15,100,0,480,8.39287,51.8814,3,3,42,2,0,0,1,0,0,1,0,21,28,,27,2,2,3,72,,,81,1,,,,,,,,,,,,,,,,,,,,,,,,,,,,,,,,,,,,,,,,,,,,,,,,,,,,,,,,,,,,,,,,,,,,,,,,,,,,,,,,,,,,,,,,,,,,,,,,,,,,,,,,,,,,,,,,,,,,,,,
Gütersloh,Di,30.06.2015,17:40,Carl-Miele-Straße,Annenstraße,,K,37,1,0,0,840,8.3969,51.9106,3,3,42,2,0,0,1,0,0,1,0,21,28,,50,1,2,3,71,,,10,1,,,,,,,,,,,,,,,,,,,,,,,,,,,,,,,,,,,,,,,,,,,,,,,,,,,,,,,,,,,,,,,,,,,,,,,,,,,,,,,,,,,,,,,,,,,,,,,,,,,,,,,,,,,,,,,,,,,,,,,
Gütersloh,Mi,01.07.2015,17:25,Friedrich-Ebert-Straße,,37,L,757,1,0,0,400,8.3804,51.9105,5,3,71,2,0,0,0,0,0,1,0,71,14,,22,1,2,0,21,,,19,1,,,,,,,,,,,,,,,,,,,,,,,,,,,,,,,,,,,,,,,,,,,,,,,,,,,,,,,,,,,,,,,,,,,,,,,,,,,,,,,,,,,,,,,,,,,,,,,,,,,,,,,,,,,,,,,,,,,,,,,
Gütersloh,Mi,01.07.2015,10:15,Franz-Grochtmann-Straße,,30,G,,,,,,8.42893,51.8913,5,1,22,2,0,0,0,0,0,1,0,71,49,,35,1,2,0,21,,,32,2,,,,,,,,,,,,,,,,,,,,,,,,,,,,,,,,,,,,,,,,,,,,,,,,,,,,,,,,,,,,,,,,,,,,,,,,,,,,,,,,,,,,,,,,,,,,,,,,,,,,,,,,,,,,,,,,,,,,,,,
Gütersloh,Do,02.07.2015,07:29,Haller Straße,,188,K,32,6,0,0,300,8.40148,51.9511,3,7,19,2,0,0,1,0,0,1,0,40,36,,38,1,2,3,72,,,33,2,,,,,,,,,,,,,,,,,,,,,,,,,,,,,,,,,,,,,,,,,,,,,,,,,,,,,,,,,,,,,,,,,,,,,,,,,,,,,,,,,,,,,,,,,,,,,,,,,,,,,,,,,,,,,,,,,,,,,,,
Gütersloh,Di,07.07.2015,17:22,Sundernstraße,Ulrikenweg,,K,38,1,0,2,390,8.43236,51.9049,3,2,11,2,0,0,1,0,0,1,0,21,35,,29,1,2,3,71,,,30,1,,,,,,,,,,,,,,,,,,,,,,,,,,,,,,,,,,,,,,,,,,,,,,,,,,,,,,,,,,,,,,,,,,,,,,,,,,,,,,,,,,,,,,,,,,,,,,,,,,,,,,,,,,,,,,,,,,,,,,,
Gütersloh,Do,09.07.2015,11:58,Dalkestraße,,,G,,,,,,8.37747,51.9035,2,1,41,1,0,1,0,0,0,1,2,71,49,,36,2,,,,,,,,,,,,,,,,,,,,,,,,,,,,,,,,,,,,,,,,,,,,,,,,,,,,,,,,,,,,,,,,,,,,,,,,,,,,,,,,,,,,,,,,,,,,,,,,,,,,,,,,,,,,,,,,,,,,,,,,,,,,,,
Gütersloh,Mo,13.07.2015,17:41,Blankenhagener Weg,,91,G,,,,,,8.37013,51.9325,3,2,44,2,0,0,1,0,0,1,0,21,35,,89,1,2,3,71,,,25,2,,,,,,,,,,,,,,,,,,,,,,,,,,,,,,,,,,,,,,,,,,,,,,,,,,,,,,,,,,,,,,,,,,,,,,,,,,,,,,,,,,,,,,,,,,,,,,,,,,,,,,,,,,,,,,,,,,,,,,,
Gütersloh,Di,14.07.2015,18:41,Haller Straße,,100,K,32,4,0,0,100,8.41222,51.9454,5,7,99,2,0,0,0,0,1,1,0,71,49,,73,2,2,0,21,,,,0,,,,,,,,,,,,,,,,,,,,,,,,,,,,,,,,,,,,,,,,,,,,,,,,,,,,,,,,,,,,,,,,,,,,,,,,,,,,,,,,,,,,,,,,,,,,,,,,,,,,,,,,,,,,,,,,,,,,,,,
Gütersloh,Mi,15.07.2015,12:37,Avenwedder Straße,Buchenweg,,L,788,",",120,0,990,8.43906,51.9145,3,3,42,2,0,0,1,0,0,1,0,21,28,,66,2,2,3,72,,,50,2,,,,,,,,,,,,,,,,,,,,,,,,,,,,,,,,,,,,,,,,,,,,,,,,,,,,,,,,,,,,,,,,,,,,,,,,,,,,,,,,,,,,,,,,,,,,,,,,,,,,,,,,,,,,,,,,,,,,,,,
Gütersloh,Mi,15.07.2015,20:45,Neuenkirchener Straße,Brunnenstraße,,L,782,15,200,0,0,8.38405,51.8914,5,3,1,2,0,0,0,0,1,1,0,21,28,,44,2,2,0,71,,,,1,,,,,,,,,,,,,,,,,,,,,,,,,,,,,,,,,,,,,,,,,,,,,,,,,,,,,,,,,,,,,,,,,,,,,,,,,,,,,,,,,,,,,,,,,,,,,,,,,,,,,,,,,,,,,,,,,,,,,,,
Gütersloh,Do,16.07.2015,06:15,Ibrüggerstraße,,4,G,,,,,,8.39067,51.9047,3,7,14,2,0,0,1,0,0,1,0,21,36,,20,2,2,3,71,,,35,1,,,,,,,,,,,,,,,,,,,,,,,,,,,,,,,,,,,,,,,,,,,,,,,,,,,,,,,,,,,,,,,,,,,,,,,,,,,,,,,,,,,,,,,,,,,,,,,,,,,,,,,,,,,,,,,,,,,,,,,
Gütersloh,Sa,18.07.2015,22:01,Brockhäger Straße,Haegestraße,31,L,782,20,0,0,340,8.37206,51.9172,1,3,22,2,1,0,0,1,0,1,1,71,1,2,23,1,2,0,21,,,40,2,,,,,,,,,,,,,,,,,,,,,,,,,,,,,,,,,,,,,,,,,,,,,,,,,,,,,,,,,,,,,,,,,,,,,,,,,,,,,,,,,,,,,,,,,,,,,,,,,,,,,,,,,,,,,,,,,,,,,,,
Gütersloh,So,19.07.2015,04:36,Strengerstraße,,22,G,,,,,,8.38337,51.9079,5,5,1,2,0,0,0,0,0,1,0,71,49,,30,1,2,0,21,,,29,1,,,,,,,,,,,,,,,,,,,,,,,,,,,,,,,,,,,,,,,,,,,,,,,,,,,,,,,,,,,,,,,,,,,,,,,,,,,,,,,,,,,,,,,,,,,,,,,,,,,,,,,,,,,,,,,,,,,,,,,
Gütersloh,Mo,20.07.2015,17:41,Verler Straße,Am Coesfeld,,L,757,3,0,2,820,8.42121,51.887,2,3,42,2,0,1,0,0,0,1,0,51,28,,56,1,2,2,71,10,,15,1,,,,,,,,,,,,,,,,,,,,,,,,,,,,,,,,,,,,,,,,,,,,,,,,,,,,,,,,,,,,,,,,,,,,,,,,,,,,,,,,,,,,,,,,,,,,,,,,,,,,,,,,,,,,,,,,,,,,,,,
Gütersloh,Mo,20.07.2015,19:20,Carl-Bertelsmann-Straße,Carl-Miele-Straße,,L,788,10,0,0,0,8.42201,51.9103,3,2,24,2,0,0,1,0,0,1,3,11,49,13,55,2,2,0,71,,,62,1,,,,,,,,,,,,,,,,,,,,,,,,,,,,,,,,,,,,,,,,,,,,,,,,,,,,,,,,,,,,,,,,,,,,,,,,,,,,,,,,,,,,,,,,,,,,,,,,,,,,,,,,,,,,,,,,,,,,,,,
Gütersloh,Mo,20.07.2015,20:41,Brinkstraße,Georgstraße,,G,,,,,,8.37428,51.9159,3,1,22,1,0,0,1,0,0,1,3,71,10,,78,1,,,,,,,,,,,,,,,,,,,,,,,,,,,,,,,,,,,,,,,,,,,,,,,,,,,,,,,,,,,,,,,,,,,,,,,,,,,,,,,,,,,,,,,,,,,,,,,,,,,,,,,,,,,,,,,,,,,,,,,,,,,,,,
Gütersloh,Di,21.07.2015,12:16,Stadtring Sundern,Auf der Haar,,G,,,,,,8.40125,51.8934,3,2,23,2,0,0,1,0,0,1,0,21,35,,75,1,2,3,71,,,12,2,,,,,,,,,,,,,,,,,,,,,,,,,,,,,,,,,,,,,,,,,,,,,,,,,,,,,,,,,,,,,,,,,,,,,,,,,,,,,,,,,,,,,,,,,,,,,,,,,,,,,,,,,,,,,,,,,,,,,,,
Gütersloh,Mi,22.07.2015,17:18,Auf der Benkert,Heidestraße,,G,,,,,,8.36451,51.9187,3,3,21,2,0,0,1,1,0,1,3,71,1,2,22,1,2,0,21,,,32,2,,,,,,,,,,,,,,,,,,,,,,,,,,,,,,,,,,,,,,,,,,,,,,,,,,,,,,,,,,,,,,,,,,,,,,,,,,,,,,,,,,,,,,,,,,,,,,,,,,,,,,,,,,,,,,,,,,,,,,,
Gütersloh,Mi,22.07.2015,22:20,Verler Straße,,360,L,757,4,0,0,400,8.42828,51.8836,3,6,82,2,0,0,2,0,0,1,3,71,11,13,51,1,2,3,71,10,13,44,1,,,,,,,,,,,,,,,,,,,,,,,,,,,,,,,,,,,,,,,,,,,,,,,,,,,,,,,,,,,,,,,,,,,,,,,,,,,,,,,,,,,,,,,,,,,,,,,,,,,,,,,,,,,,,,,,,,,,,,,
Gütersloh,Fr,24.07.2015,15:37,Kahlertstraße,,41,G,,,,,,8.38181,51.9147,3,3,41,2,0,0,1,0,0,1,0,21,37,,55,1,2,3,71,,,16,2,,,,,,,,,,,,,,,,,,,,,,,,,,,,,,,,,,,,,,,,,,,,,,,,,,,,,,,,,,,,,,,,,,,,,,,,,,,,,,,,,,,,,,,,,,,,,,,,,,,,,,,,,,,,,,,,,,,,,,,
Gütersloh,So,26.07.2015,18:56,Georgstraße,,36,G,,,,,,8.37635,51.9158,3,1,41,2,0,0,1,0,0,1,3,71,10,,8,1,2,0,21,,,,0,,,,,,,,,,,,,,,,,,,,,,,,,,,,,,,,,,,,,,,,,,,,,,,,,,,,,,,,,,,,,,,,,,,,,,,,,,,,,,,,,,,,,,,,,,,,,,,,,,,,,,,,,,,,,,,,,,,,,,,
Gütersloh,Di,28.07.2015,10:12,Carl-Bertelsmann-Straße,,94a,L,788,8,0,0,240,8.39611,51.9049,3,2,43,2,0,0,1,0,0,1,0,40,35,,50,1,2,3,71,,,59,1,,,,,,,,,,,,,,,,,,,,,,,,,,,,,,,,,,,,,,,,,,,,,,,,,,,,,,,,,,,,,,,,,,,,,,,,,,,,,,,,,,,,,,,,,,,,,,,,,,,,,,,,,,,,,,,,,,,,,,,
Gütersloh,Di,28.07.2015,12:25,Isselhorster Straße,Franz-von-Sales-Straße,,K,36,3,0,0,0,8.44419,51.931,2,3,1,2,0,1,0,0,0,1,0,21,28,,43,1,2,2,71,,,35,1,,,,,,,,,,,,,,,,,,,,,,,,,,,,,,,,,,,,,,,,,,,,,,,,,,,,,,,,,,,,,,,,,,,,,,,,,,,,,,,,,,,,,,,,,,,,,,,,,,,,,,,,,,,,,,,,,,,,,,,
Gütersloh,Mi,29.07.2015,16:56,Kirchstraße,,21,G,,,,,,8.37998,51.9049,3,6,21,2,0,0,1,0,0,1,3,71,14,,18,1,2,0,21,,,51,2,,,,,,,,,,,,,,,,,,,,,,,,,,,,,,,,,,,,,,,,,,,,,,,,,,,,,,,,,,,,,,,,,,,,,,,,,,,,,,,,,,,,,,,,,,,,,,,,,,,,,,,,,,,,,,,,,,,,,,,
Gütersloh,Do,30.07.2015,17:17,Verler Straße,Stadtring Sundern,,L,757,3,0,1,100,8.40359,51.8976,3,2,43,2,0,0,1,0,0,1,0,21,35,,44,1,2,3,71,,,64,2,,,,,,,,,,,,,,,,,,,,,,,,,,,,,,,,,,,,,,,,,,,,,,,,,,,,,,,,,,,,,,,,,,,,,,,,,,,,,,,,,,,,,,,,,,,,,,,,,,,,,,,,,,,,,,,,,,,,,,,
Gütersloh,Do,30.07.2015,15:30,Verler Straße,,258,L,757,2,0,2,550,8.4178,51.8882,2,6,99,2,0,1,0,0,0,1,0,42,10,,22,1,2,2,71,,,42,1,,,,,,,,,,,,,,,,,,,,,,,,,,,,,,,,,,,,,,,,,,,,,,,,,,,,,,,,,,,,,,,,,,,,,,,,,,,,,,,,,,,,,,,,,,,,,,,,,,,,,,,,,,,,,,,,,,,,,,,
Gütersloh,Fr,31.07.2015,15:53,Moltkestraße,,63,G,,,,,,8.37521,51.9139,3,5,81,2,0,0,2,1,0,1,3,21,45,1,52,2,2,3,71,,,44,1,,,,,,,,,,,,,,,,,,,,,,,,,,,,,,,,,,,,,,,,,,,,,,,,,,,,,,,,,,,,,,,,,,,,,,,,,,,,,,,,,,,,,,,,,,,,,,,,,,,,,,,,,,,,,,,,,,,,,,,
Gütersloh,So,02.08.2015,10:58,Brüningsweg,,141,G,,,,,,8.36096,51.8722,2,6,51,2,0,1,1,0,0,1,2,71,49,,81,2,2,3,71,,,79,2,,,,,,,,,,,,,,,,,,,,,,,,,,,,,,,,,,,,,,,,,,,,,,,,,,,,,,,,,,,,,,,,,,,,,,,,,,,,,,,,,,,,,,,,,,,,,,,,,,,,,,,,,,,,,,,,,,,,,,,
Gütersloh,Mo,03.08.2015,11:09,Kampstraße,Reinhildenstraße,,G,,,,,,8.39847,51.9039,2,2,24,2,0,1,0,0,0,1,0,21,35,,19,1,2,2,71,,,77,2,,,,,,,,,,,,,,,,,,,,,,,,,,,,,,,,,,,,,,,,,,,,,,,,,,,,,,,,,,,,,,,,,,,,,,,,,,,,,,,,,,,,,,,,,,,,,,,,,,,,,,,,,,,,,,,,,,,,,,,
Gütersloh,Mo,03.08.2015,13:58,Carl-Zeiss-Straße,Robert-Bosch-Straße,,G,,,,,,8.41265,51.929,3,3,21,2,0,0,1,0,0,1,3,71,27,,84,2,2,0,21,13,49,30,1,,,,,,,,,,,,,,,,,,,,,,,,,,,,,,,,,,,,,,,,,,,,,,,,,,,,,,,,,,,,,,,,,,,,,,,,,,,,,,,,,,,,,,,,,,,,,,,,,,,,,,,,,,,,,,,,,,,,,,,
Gütersloh,Mi,05.08.2015,11:44,Münsterlandstraße,Holler Straße,,L,806,14,0,0,0,8.38016,51.9559,3,3,3,2,0,0,1,0,0,1,0,21,28,,76,1,2,3,71,,,44,1,,,,,,,,,,,,,,,,,,,,,,,,,,,,,,,,,,,,,,,,,,,,,,,,,,,,,,,,,,,,,,,,,,,,,,,,,,,,,,,,,,,,,,,,,,,,,,,,,,,,,,,,,,,,,,,,,,,,,,,
Gütersloh,Mi,05.08.2015,16:29,Verler Straße,,242,L,757,3,0,2,200,8.41432,51.8904,3,3,41,2,0,0,1,0,0,1,0,21,37,,29,1,2,3,71,10,,37,2,,,,,,,,,,,,,,,,,,,,,,,,,,,,,,,,,,,,,,,,,,,,,,,,,,,,,,,,,,,,,,,,,,,,,,,,,,,,,,,,,,,,,,,,,,,,,,,,,,,,,,,,,,,,,,,,,,,,,,,
Gütersloh,Do,06.08.2015,09:15,Bogenstraße,Webereistraße,,G,,,,,,8.37611,51.9021,3,3,72,2,0,0,1,0,0,1,3,72,37,,26,1,2,0,21,,,76,1,,,,,,,,,,,,,,,,,,,,,,,,,,,,,,,,,,,,,,,,,,,,,,,,,,,,,,,,,,,,,,,,,,,,,,,,,,,,,,,,,,,,,,,,,,,,,,,,,,,,,,,,,,,,,,,,,,,,,,,
Gütersloh,Fr,07.08.2015,11:39,Hans-Böckler-Straße,,,G,,,,,,8.36141,51.8904,2,2,23,2,0,1,0,0,0,1,0,21,35,,52,2,2,2,71,10,,72,1,,,,,,,,,,,,,,,,,,,,,,,,,,,,,,,,,,,,,,,,,,,,,,,,,,,,,,,,,,,,,,,,,,,,,,,,,,,,,,,,,,,,,,,,,,,,,,,,,,,,,,,,,,,,,,,,,,,,,,,
Gütersloh,Fr,07.08.2015,18:57,Brunnenstraße,,28,G,,,,,,8.38721,51.8959,3,7,99,2,0,0,1,0,0,1,3,71,49,13,18,1,2,0,21,,,,0,,,,,,,,,,,,,,,,,,,,,,,,,,,,,,,,,,,,,,,,,,,,,,,,,,,,,,,,,,,,,,,,,,,,,,,,,,,,,,,,,,,,,,,,,,,,,,,,,,,,,,,,,,,,,,,,,,,,,,,
Gütersloh,Di,11.08.2015,08:16,Ottilienstraße,Teutoburger Weg,,G,,,,,,8.40625,51.9084,3,3,3,2,0,0,1,0,0,1,0,21,28,,28,2,2,3,71,,,53,2,,,,,,,,,,,,,,,,,,,,,,,,,,,,,,,,,,,,,,,,,,,,,,,,,,,,,,,,,,,,,,,,,,,,,,,,,,,,,,,,,,,,,,,,,,,,,,,,,,,,,,,,,,,,,,,,,,,,,,,
Gütersloh,Di,11.08.2015,09:48,Friedhofstraße,Bultmannstraße,,G,,,,,,8.37097,51.9005,3,3,22,2,0,0,1,0,0,1,3,71,27,,41,1,2,0,21,,,55,2,,,,,,,,,,,,,,,,,,,,,,,,,,,,,,,,,,,,,,,,,,,,,,,,,,,,,,,,,,,,,,,,,,,,,,,,,,,,,,,,,,,,,,,,,,,,,,,,,,,,,,,,,,,,,,,,,,,,,,,
Gütersloh,Di,11.08.2015,14:54,Verler Straße,Carl-Bertelsmann-Straße,,L,757,3,0,0,0,8.39293,51.9049,3,7,99,2,0,0,1,0,1,1,0,81,69,,,1,2,3,71,,,83,1,,,,,,,,,,,,,,,,,,,,,,,,,,,,,,,,,,,,,,,,,,,,,,,,,,,,,,,,,,,,,,,,,,,,,,,,,,,,,,,,,,,,,,,,,,,,,,,,,,,,,,,,,,,,,,,,,,,,,,,
Gütersloh,Fr,14.08.2015,17:13,Hochstraße,,22,G,,,,,,8.38186,51.8984,3,5,81,2,0,0,1,1,0,1,0,21,49,,62,1,2,3,71,1,49,55,1,,,,,,,,,,,,,,,,,,,,,,,,,,,,,,,,,,,,,,,,,,,,,,,,,,,,,,,,,,,,,,,,,,,,,,,,,,,,,,,,,,,,,,,,,,,,,,,,,,,,,,,,,,,,,,,,,,,,,,,
Gütersloh,Di,18.08.2015,07:58,Herzebrocker Straße,Wiesenstraße,,G,,,,,,8.36566,51.9046,3,2,43,2,0,0,1,0,0,1,0,21,35,,19,1,2,3,71,,,45,1,,,,,,,,,,,,,,,,,,,,,,,,,,,,,,,,,,,,,,,,,,,,,,,,,,,,,,,,,,,,,,,,,,,,,,,,,,,,,,,,,,,,,,,,,,,,,,,,,,,,,,,,,,,,,,,,,,,,,,,
Gütersloh,Di,18.08.2015,15:05,Carl-Bertelsmann-Straße,,26,G,,,,,,8.38728,51.9052,3,3,41,2,0,0,1,0,0,1,0,21,37,,36,2,2,3,71,49,,17,1,,,,,,,,,,,,,,,,,,,,,,,,,,,,,,,,,,,,,,,,,,,,,,,,,,,,,,,,,,,,,,,,,,,,,,,,,,,,,,,,,,,,,,,,,,,,,,,,,,,,,,,,,,,,,,,,,,,,,,,
Gütersloh,Di,18.08.2015,15:33,Verler Straße,,293,L,757,3,0,0,200,8.4223,51.8866,5,1,99,2,0,0,0,0,0,1,0,71,10,49,17,1,2,0,21,,,34,1,,,,,,,,,,,,,,,,,,,,,,,,,,,,,,,,,,,,,,,,,,,,,,,,,,,,,,,,,,,,,,,,,,,,,,,,,,,,,,,,,,,,,,,,,,,,,,,,,,,,,,,,,,,,,,,,,,,,,,,
Gütersloh,Mi,19.08.2015,07:51,Auf'm Eickholt,,72,G,,,,,,8.3683,51.8873,3,7,19,3,0,0,1,0,0,1,0,21,36,,55,1,2,3,71,,,12,1,3,0,71,,,11,2,,,,,,,,,,,,,,,,,,,,,,,,,,,,,,,,,,,,,,,,,,,,,,,,,,,,,,,,,,,,,,,,,,,,,,,,,,,,,,,,,,,,,,,,,,,,,,,,,,,,,,,,,,,,,,,,
Gütersloh,Mi,19.08.2015,17:10,Osthushenrichstraße,Mühlenweg,,G,,,,,,8.40024,51.9017,3,3,21,2,0,0,1,0,1,1,0,21,49,,45,2,2,3,71,,,13,1,,,,,,,,,,,,,,,,,,,,,,,,,,,,,,,,,,,,,,,,,,,,,,,,,,,,,,,,,,,,,,,,,,,,,,,,,,,,,,,,,,,,,,,,,,,,,,,,,,,,,,,,,,,,,,,,,,,,,,,
Gütersloh,Do,20.08.2015,11:01,Im Heidkamp,,33,G,,,,,,8.35473,51.888,3,1,41,1,0,0,1,0,0,1,3,71,49,,53,2,,,,,,,,,,,,,,,,,,,,,,,,,,,,,,,,,,,,,,,,,,,,,,,,,,,,,,,,,,,,,,,,,,,,,,,,,,,,,,,,,,,,,,,,,,,,,,,,,,,,,,,,,,,,,,,,,,,,,,,,,,,,,,
Gütersloh,Fr,21.08.2015,07:53,Schalückstraße,Schledebrückstraße,,G,,,,,,8.37215,51.8922,3,3,21,2,0,0,1,0,0,1,3,71,27,,16,2,2,0,21,,,51,2,,,,,,,,,,,,,,,,,,,,,,,,,,,,,,,,,,,,,,,,,,,,,,,,,,,,,,,,,,,,,,,,,,,,,,,,,,,,,,,,,,,,,,,,,,,,,,,,,,,,,,,,,,,,,,,,,,,,,,,
Gütersloh,Fr,21.08.2015,12:00,Königstraße,,28,G,,,,,,8.37572,51.9073,2,6,81,2,0,1,0,0,1,1,0,71,11,,,0,2,2,71,,,57,2,,,,,,,,,,,,,,,,,,,,,,,,,,,,,,,,,,,,,,,,,,,,,,,,,,,,,,,,,,,,,,,,,,,,,,,,,,,,,,,,,,,,,,,,,,,,,,,,,,,,,,,,,,,,,,,,,,,,,,,
Gütersloh,Fr,21.08.2015,15:17,Bruder-Konrad-Straße,,76,K,39,2,0,1,300,8.41368,51.8822,3,6,51,2,0,0,1,0,0,1,0,71,49,,27,1,2,3,71,,,58,2,,,,,,,,,,,,,,,,,,,,,,,,,,,,,,,,,,,,,,,,,,,,,,,,,,,,,,,,,,,,,,,,,,,,,,,,,,,,,,,,,,,,,,,,,,,,,,,,,,,,,,,,,,,,,,,,,,,,,,,
Gütersloh,Sa,22.08.2015,04:10,Kaiserstraße,,,L,782,18,0,0,920,8.38411,51.9074,5,3,72,2,0,0,0,0,0,1,0,21,37,,67,1,2,0,71,,,27,1,,,,,,,,,,,,,,,,,,,,,,,,,,,,,,,,,,,,,,,,,,,,,,,,,,,,,,,,,,,,,,,,,,,,,,,,,,,,,,,,,,,,,,,,,,,,,,,,,,,,,,,,,,,,,,,,,,,,,,,
Gütersloh,Mi,26.08.2015,14:15,Augustastraße,,4,G,,,,,,8.39604,51.9076,5,7,99,2,0,0,0,0,1,1,0,71,14,,17,1,2,0,21,,,,0,,,,,,,,,,,,,,,,,,,,,,,,,,,,,,,,,,,,,,,,,,,,,,,,,,,,,,,,,,,,,,,,,,,,,,,,,,,,,,,,,,,,,,,,,,,,,,,,,,,,,,,,,,,,,,,,,,,,,,,
Gütersloh,Mi,26.08.2015,13:20,Carl-Bertelsmann-Straße,Lindenstraße,,L,782,18,0,0,610,8.38266,51.9045,3,6,81,2,0,0,1,0,1,1,0,71,10,,53,2,2,3,71,,,48,1,,,,,,,,,,,,,,,,,,,,,,,,,,,,,,,,,,,,,,,,,,,,,,,,,,,,,,,,,,,,,,,,,,,,,,,,,,,,,,,,,,,,,,,,,,,,,,,,,,,,,,,,,,,,,,,,,,,,,,,
Gütersloh,Mi,26.08.2015,13:21,Strengerstraße,Ernst-Buschmann-Straße,,G,,,,,,8.3815,51.908,3,6,71,2,0,0,1,0,0,1,3,71,10,,62,2,2,0,81,69,,55,1,,,,,,,,,,,,,,,,,,,,,,,,,,,,,,,,,,,,,,,,,,,,,,,,,,,,,,,,,,,,,,,,,,,,,,,,,,,,,,,,,,,,,,,,,,,,,,,,,,,,,,,,,,,,,,,,,,,,,,,
Gütersloh,Mi,26.08.2015,16:19,Berliner Straße,,273,B,61,55,200,0,200,8.40015,51.9222,3,2,43,2,0,0,1,0,0,1,0,21,35,,42,2,2,3,71,,,36,1,,,,,,,,,,,,,,,,,,,,,,,,,,,,,,,,,,,,,,,,,,,,,,,,,,,,,,,,,,,,,,,,,,,,,,,,,,,,,,,,,,,,,,,,,,,,,,,,,,,,,,,,,,,,,,,,,,,,,,,
Gütersloh,Mi,26.08.2015,15:47,Friedrich-Ebert-Straße,Berliner Straße,,L,757,1,0,0,540,8.38117,51.9097,5,2,22,2,0,0,0,0,0,1,0,71,31,,72,1,2,0,21,,,45,2,,,,,,,,,,,,,,,,,,,,,,,,,,,,,,,,,,,,,,,,,,,,,,,,,,,,,,,,,,,,,,,,,,,,,,,,,,,,,,,,,,,,,,,,,,,,,,,,,,,,,,,,,,,,,,,,,,,,,,,
Gütersloh,Do,27.08.2015,09:06,Herzebrocker Straße,Wilhelm-Baumann-Straße,,G,,,,,,8.36674,51.9046,2,6,81,2,0,1,0,0,0,1,2,71,11,,43,1,2,0,40,,,68,1,,,,,,,,,,,,,,,,,,,,,,,,,,,,,,,,,,,,,,,,,,,,,,,,,,,,,,,,,,,,,,,,,,,,,,,,,,,,,,,,,,,,,,,,,,,,,,,,,,,,,,,,,,,,,,,,,,,,,,,
Gütersloh,Do,27.08.2015,11:45,Herzebrocker Straße,,43,G,,,,,,8.36284,51.904,5,7,99,2,0,0,0,0,1,1,0,51,37,,54,1,2,0,71,,,12,2,,,,,,,,,,,,,,,,,,,,,,,,,,,,,,,,,,,,,,,,,,,,,,,,,,,,,,,,,,,,,,,,,,,,,,,,,,,,,,,,,,,,,,,,,,,,,,,,,,,,,,,,,,,,,,,,,,,,,,,
Gütersloh,Do,27.08.2015,17:09,Im Füchtei,Im Füchtei,,G,,,,,,8.34306,51.8973,3,3,21,2,0,0,1,0,0,1,3,71,27,,64,1,2,0,21,,,28,2,,,,,,,,,,,,,,,,,,,,,,,,,,,,,,,,,,,,,,,,,,,,,,,,,,,,,,,,,,,,,,,,,,,,,,,,,,,,,,,,,,,,,,,,,,,,,,,,,,,,,,,,,,,,,,,,,,,,,,,
Gütersloh,Do,27.08.2015,09:35,Unter den Ulmen,Blessenstätte,,G,,,,,,8.37617,51.9042,5,3,72,2,0,0,0,0,0,1,0,21,49,,32,1,2,0,71,37,,39,1,,,,,,,,,,,,,,,,,,,,,,,,,,,,,,,,,,,,,,,,,,,,,,,,,,,,,,,,,,,,,,,,,,,,,,,,,,,,,,,,,,,,,,,,,,,,,,,,,,,,,,,,,,,,,,,,,,,,,,,
Gütersloh,Fr,28.08.2015,16:30,Verler Straße,Winkelstraße,,L,757,3,0,0,250,8.39511,51.9031,3,3,42,2,0,0,1,0,0,1,0,71,10,,61,2,2,3,71,28,,41,1,,,,,,,,,,,,,,,,,,,,,,,,,,,,,,,,,,,,,,,,,,,,,,,,,,,,,,,,,,,,,,,,,,,,,,,,,,,,,,,,,,,,,,,,,,,,,,,,,,,,,,,,,,,,,,,,,,,,,,,
Gütersloh,So,30.08.2015,20:50,Rhedaer Straße,,30,G,,,,,,8.3645,51.8949,5,7,99,2,0,0,0,0,1,1,0,71,14,,,1,2,0,21,,,,0,,,,,,,,,,,,,,,,,,,,,,,,,,,,,,,,,,,,,,,,,,,,,,,,,,,,,,,,,,,,,,,,,,,,,,,,,,,,,,,,,,,,,,,,,,,,,,,,,,,,,,,,,,,,,,,,,,,,,,,
Gütersloh,Mo,31.08.2015,16:00,Stadtring Sundern,,,G,,,,,,8.39688,51.8907,3,7,99,2,0,0,1,0,1,1,0,71,49,,,1,2,3,71,,,10,1,,,,,,,,,,,,,,,,,,,,,,,,,,,,,,,,,,,,,,,,,,,,,,,,,,,,,,,,,,,,,,,,,,,,,,,,,,,,,,,,,,,,,,,,,,,,,,,,,,,,,,,,,,,,,,,,,,,,,,,
Gütersloh,Di,01.09.2015,16:35,Brockhäger Straße,,8,G,,,,,,8.37182,51.9145,5,3,42,2,0,0,0,0,0,1,0,71,11,14,20,2,2,0,21,,,47,2,,,,,,,,,,,,,,,,,,,,,,,,,,,,,,,,,,,,,,,,,,,,,,,,,,,,,,,,,,,,,,,,,,,,,,,,,,,,,,,,,,,,,,,,,,,,,,,,,,,,,,,,,,,,,,,,,,,,,,,
Gütersloh,Mi,02.09.2015,07:50,Paderborner Straße,Avenwedder Straße,,L,791,15,0,0,0,8.48861,51.9359,3,2,22,2,0,0,1,0,0,1,0,21,35,,19,1,2,3,71,,,75,1,,,,,,,,,,,,,,,,,,,,,,,,,,,,,,,,,,,,,,,,,,,,,,,,,,,,,,,,,,,,,,,,,,,,,,,,,,,,,,,,,,,,,,,,,,,,,,,,,,,,,,,,,,,,,,,,,,,,,,,
Gütersloh,Mi,02.09.2015,06:40,Reckenberger Straße,Hochstraße,,G,,,,,,8.3829,51.8984,3,2,2,2,0,0,2,0,0,1,3,71,23,,56,1,2,3,71,,,48,1,,,,,,,,,,,,,,,,,,,,,,,,,,,,,,,,,,,,,,,,,,,,,,,,,,,,,,,,,,,,,,,,,,,,,,,,,,,,,,,,,,,,,,,,,,,,,,,,,,,,,,,,,,,,,,,,,,,,,,,
Gütersloh,Do,03.09.2015,19:35,Carl-Bertelsmann-Straße,Marienstraße,,L,788,9,0,0,220,8.40153,51.9053,3,3,42,2,0,0,1,0,0,1,0,21,28,,63,1,2,3,71,10,,60,2,,,,,,,,,,,,,,,,,,,,,,,,,,,,,,,,,,,,,,,,,,,,,,,,,,,,,,,,,,,,,,,,,,,,,,,,,,,,,,,,,,,,,,,,,,,,,,,,,,,,,,,,,,,,,,,,,,,,,,,
Gütersloh,Do,03.09.2015,15:10,Friedrich-Ebert-Straße,Holzstraße,,L,757,2,0,0,600,8.39247,51.9061,3,2,24,2,0,0,1,0,0,1,0,21,35,,53,1,2,3,71,,,17,2,,,,,,,,,,,,,,,,,,,,,,,,,,,,,,,,,,,,,,,,,,,,,,,,,,,,,,,,,,,,,,,,,,,,,,,,,,,,,,,,,,,,,,,,,,,,,,,,,,,,,,,,,,,,,,,,,,,,,,,
Gütersloh,Do,03.09.2015,06:15,Carl-Bertelsmann-Straße,Agnesstraße,255,L,788,9,0,1,300,8.41924,51.9097,3,3,42,2,0,0,1,0,0,1,0,21,35,28,51,1,2,3,71,11,,35,2,,,,,,,,,,,,,,,,,,,,,,,,,,,,,,,,,,,,,,,,,,,,,,,,,,,,,,,,,,,,,,,,,,,,,,,,,,,,,,,,,,,,,,,,,,,,,,,,,,,,,,,,,,,,,,,,,,,,,,,
Gütersloh,Fr,04.09.2015,05:23,Haller Straße,Isselhorster Kirchplatz,,K,32,4,0,0,190,8.41106,51.9459,3,3,42,2,0,0,1,0,0,1,0,21,28,,50,1,2,3,71,10,,18,2,,,,,,,,,,,,,,,,,,,,,,,,,,,,,,,,,,,,,,,,,,,,,,,,,,,,,,,,,,,,,,,,,,,,,,,,,,,,,,,,,,,,,,,,,,,,,,,,,,,,,,,,,,,,,,,,,,,,,,,
Gütersloh,Fr,04.09.2015,07:55,Neuenkirchener Straße,Dalkestraße,,L,782,18,0,0,130,8.37903,51.9012,3,2,51,2,0,0,1,0,0,1,0,21,49,,54,2,2,3,71,,,76,2,,,,,,,,,,,,,,,,,,,,,,,,,,,,,,,,,,,,,,,,,,,,,,,,,,,,,,,,,,,,,,,,,,,,,,,,,,,,,,,,,,,,,,,,,,,,,,,,,,,,,,,,,,,,,,,,,,,,,,,
Gütersloh,Fr,04.09.2015,07:56,Nordring,,,B,61,52,0,0,200,8.3674,51.9132,3,3,71,2,0,0,2,0,0,1,3,71,37,,16,2,2,3,71,,,36,1,,,,,,,,,,,,,,,,,,,,,,,,,,,,,,,,,,,,,,,,,,,,,,,,,,,,,,,,,,,,,,,,,,,,,,,,,,,,,,,,,,,,,,,,,,,,,,,,,,,,,,,,,,,,,,,,,,,,,,,
Gütersloh,Sa,05.09.2015,09:44,Baumstraße,Böhmerstraße,,G,,,,,,8.36698,51.9112,3,3,21,2,0,0,1,0,0,1,3,71,27,,22,2,2,0,21,,,42,2,,,,,,,,,,,,,,,,,,,,,,,,,,,,,,,,,,,,,,,,,,,,,,,,,,,,,,,,,,,,,,,,,,,,,,,,,,,,,,,,,,,,,,,,,,,,,,,,,,,,,,,,,,,,,,,,,,,,,,,
Gütersloh,Mo,07.09.2015,17:28,Dammstraße,Unter den Ulmen,,G,,,,,,8.36897,51.8956,3,2,41,2,0,0,1,0,1,1,0,40,35,,,0,2,3,71,,,59,1,,,,,,,,,,,,,,,,,,,,,,,,,,,,,,,,,,,,,,,,,,,,,,,,,,,,,,,,,,,,,,,,,,,,,,,,,,,,,,,,,,,,,,,,,,,,,,,,,,,,,,,,,,,,,,,,,,,,,,,
Gütersloh,Mo,07.09.2015,10:40,Lindenstraße,Carl-Bertelsmann-Straße,2,L,782,18,0,0,610,8.38265,51.9045,5,7,99,2,0,0,0,0,1,1,0,71,26,,,1,2,0,21,,,64,1,,,,,,,,,,,,,,,,,,,,,,,,,,,,,,,,,,,,,,,,,,,,,,,,,,,,,,,,,,,,,,,,,,,,,,,,,,,,,,,,,,,,,,,,,,,,,,,,,,,,,,,,,,,,,,,,,,,,,,,
Gütersloh,Mo,07.09.2015,07:54,Vossenstraße,Neuenkirchener Straße,,L,782,15,200,0,330,8.38165,51.894,5,2,43,2,0,0,0,0,0,1,0,71,31,,15,1,2,0,21,35,,35,2,,,,,,,,,,,,,,,,,,,,,,,,,,,,,,,,,,,,,,,,,,,,,,,,,,,,,,,,,,,,,,,,,,,,,,,,,,,,,,,,,,,,,,,,,,,,,,,,,,,,,,,,,,,,,,,,,,,,,,,
Gütersloh,Mi,09.09.2015,12:52,Neuenkirchener Straße,Feuerbornstraße,,L,782,15,200,0,730,8.37875,51.8972,3,2,43,2,0,0,1,0,0,1,0,21,35,,68,1,2,3,71,,,54,1,,,,,,,,,,,,,,,,,,,,,,,,,,,,,,,,,,,,,,,,,,,,,,,,,,,,,,,,,,,,,,,,,,,,,,,,,,,,,,,,,,,,,,,,,,,,,,,,,,,,,,,,,,,,,,,,,,,,,,,
Gütersloh,Mi,09.09.2015,13:45,Virchowstraße,,,G,,,,,,8.38428,51.8964,3,6,81,2,0,0,1,0,1,1,0,71,11,49,,1,2,3,71,,,37,1,,,,,,,,,,,,,,,,,,,,,,,,,,,,,,,,,,,,,,,,,,,,,,,,,,,,,,,,,,,,,,,,,,,,,,,,,,,,,,,,,,,,,,,,,,,,,,,,,,,,,,,,,,,,,,,,,,,,,,,
Gütersloh,Do,10.09.2015,08:00,Rhedaer Straße,,30,G,,,,,,8.3645,51.8949,3,7,31,2,0,0,1,0,0,1,0,40,48,,,0,2,3,71,,,88,1,,,,,,,,,,,,,,,,,,,,,,,,,,,,,,,,,,,,,,,,,,,,,,,,,,,,,,,,,,,,,,,,,,,,,,,,,,,,,,,,,,,,,,,,,,,,,,,,,,,,,,,,,,,,,,,,,,,,,,,
Gütersloh,Do,10.09.2015,17:10,Berliner Straße,Pfälzer Straße,,K,37,1,0,0,120,8.39072,51.915,5,2,43,2,0,0,0,0,0,1,0,21,35,,22,2,2,0,71,,,20,1,,,,,,,,,,,,,,,,,,,,,,,,,,,,,,,,,,,,,,,,,,,,,,,,,,,,,,,,,,,,,,,,,,,,,,,,,,,,,,,,,,,,,,,,,,,,,,,,,,,,,,,,,,,,,,,,,,,,,,,
Gütersloh,Fr,11.09.2015,17:15,Königstraße,Barkeystraße,,G,,,,,,8.37107,51.9077,5,2,31,2,0,0,0,0,0,1,0,21,35,,27,2,2,0,71,14,,77,1,,,,,,,,,,,,,,,,,,,,,,,,,,,,,,,,,,,,,,,,,,,,,,,,,,,,,,,,,,,,,,,,,,,,,,,,,,,,,,,,,,,,,,,,,,,,,,,,,,,,,,,,,,,,,,,,,,,,,,,
Gütersloh,Sa,12.09.2015,10:44,Stadtring Sundern,Auf der Haar,,G,,,,,,8.40128,51.8933,3,2,44,2,0,0,1,0,0,1,0,21,35,,85,1,2,3,71,,,75,1,,,,,,,,,,,,,,,,,,,,,,,,,,,,,,,,,,,,,,,,,,,,,,,,,,,,,,,,,,,,,,,,,,,,,,,,,,,,,,,,,,,,,,,,,,,,,,,,,,,,,,,,,,,,,,,,,,,,,,,
Gütersloh,Mo,14.09.2015,15:59,Westring,,92,B,61,50,0,0,250,8.36168,51.899,3,6,99,3,0,0,1,0,1,1,0,71,10,,,1,2,0,71,16,17,57,1,3,3,71,,,76,1,,,,,,,,,,,,,,,,,,,,,,,,,,,,,,,,,,,,,,,,,,,,,,,,,,,,,,,,,,,,,,,,,,,,,,,,,,,,,,,,,,,,,,,,,,,,,,,,,,,,,,,,,,,,,,,,
Gütersloh,Do,17.09.2015,17:05,Avenwedder Straße,,,L,788,10,0,0,125,8.42376,51.9107,3,3,99,2,0,0,1,0,1,1,3,71,37,,43,2,2,0,71,,,,2,,,,,,,,,,,,,,,,,,,,,,,,,,,,,,,,,,,,,,,,,,,,,,,,,,,,,,,,,,,,,,,,,,,,,,,,,,,,,,,,,,,,,,,,,,,,,,,,,,,,,,,,,,,,,,,,,,,,,,,
Gütersloh,Sa,19.09.2015,13:00,Reckenberger Straße,,5254,G,,,,,,8.38467,51.8938,5,7,99,2,0,0,0,0,1,1,0,71,49,,,0,2,0,21,,,,0,,,,,,,,,,,,,,,,,,,,,,,,,,,,,,,,,,,,,,,,,,,,,,,,,,,,,,,,,,,,,,,,,,,,,,,,,,,,,,,,,,,,,,,,,,,,,,,,,,,,,,,,,,,,,,,,,,,,,,,
Gütersloh,Mo,21.09.2015,07:40,Blessenstätte,Unter den Ulmen,,G,,,,,,8.37618,51.9042,3,6,51,2,0,0,1,0,1,1,0,21,49,14,,2,2,3,71,,,25,2,,,,,,,,,,,,,,,,,,,,,,,,,,,,,,,,,,,,,,,,,,,,,,,,,,,,,,,,,,,,,,,,,,,,,,,,,,,,,,,,,,,,,,,,,,,,,,,,,,,,,,,,,,,,,,,,,,,,,,,
Gütersloh,Fr,25.09.2015,12:25,Carl-Bertelsmann-Straße,Kampstraße,,L,788,9,0,0,0,8.39838,51.9049,3,6,1,2,0,0,1,0,0,1,0,71,13,14,48,1,2,3,72,,,58,2,,,,,,,,,,,,,,,,,,,,,,,,,,,,,,,,,,,,,,,,,,,,,,,,,,,,,,,,,,,,,,,,,,,,,,,,,,,,,,,,,,,,,,,,,,,,,,,,,,,,,,,,,,,,,,,,,,,,,,,
Gütersloh,Sa,26.09.2015,19:20,Saarstraße,,16,G,,,,,,8.39414,51.9148,6,6,81,2,0,0,0,1,1,1,0,21,49,,,0,2,0,71,1,49,34,1,,,,,,,,,,,,,,,,,,,,,,,,,,,,,,,,,,,,,,,,,,,,,,,,,,,,,,,,,,,,,,,,,,,,,,,,,,,,,,,,,,,,,,,,,,,,,,,,,,,,,,,,,,,,,,,,,,,,,,,
Gütersloh,So,27.09.2015,12:14,Neuenkirchener Straße,Stadtring Kattenstroth,,L,782,15,100,1,400,8.3893,51.8865,2,2,43,2,0,1,0,0,0,1,0,21,35,,29,2,2,2,71,,,45,2,,,,,,,,,,,,,,,,,,,,,,,,,,,,,,,,,,,,,,,,,,,,,,,,,,,,,,,,,,,,,,,,,,,,,,,,,,,,,,,,,,,,,,,,,,,,,,,,,,,,,,,,,,,,,,,,,,,,,,,
Gütersloh,So,27.09.2015,14:26,Neuenkirchener Straße,,128,L,782,15,100,0,600,8.38524,51.8902,3,6,81,2,0,0,1,0,0,1,3,71,10,,63,2,2,0,71,,,52,1,,,,,,,,,,,,,,,,,,,,,,,,,,,,,,,,,,,,,,,,,,,,,,,,,,,,,,,,,,,,,,,,,,,,,,,,,,,,,,,,,,,,,,,,,,,,,,,,,,,,,,,,,,,,,,,,,,,,,,,
Gütersloh,Di,29.09.2015,10:45,Schulstraße,,26,G,,,,,,8.37792,51.9086,3,5,99,2,0,0,1,0,0,1,0,44,45,43,,0,2,3,71,,,55,2,,,,,,,,,,,,,,,,,,,,,,,,,,,,,,,,,,,,,,,,,,,,,,,,,,,,,,,,,,,,,,,,,,,,,,,,,,,,,,,,,,,,,,,,,,,,,,,,,,,,,,,,,,,,,,,,,,,,,,,
Gütersloh,Do,01.10.2015,07:50,Unter den Ulmen,Bogenstraße,,G,,,,,,8.37501,51.9022,3,2,43,2,0,0,1,0,0,1,0,21,35,,65,1,2,3,71,,,14,2,,,,,,,,,,,,,,,,,,,,,,,,,,,,,,,,,,,,,,,,,,,,,,,,,,,,,,,,,,,,,,,,,,,,,,,,,,,,,,,,,,,,,,,,,,,,,,,,,,,,,,,,,,,,,,,,,,,,,,,
Gütersloh,Fr,02.10.2015,14:23,Stadtring Kattenstroth,Bertelsweg,,G,,,,,,8.38263,51.8841,3,2,41,2,0,0,1,0,0,1,0,21,35,,57,2,2,3,71,,,10,2,,,,,,,,,,,,,,,,,,,,,,,,,,,,,,,,,,,,,,,,,,,,,,,,,,,,,,,,,,,,,,,,,,,,,,,,,,,,,,,,,,,,,,,,,,,,,,,,,,,,,,,,,,,,,,,,,,,,,,,
Gütersloh,So,04.10.2015,14:43,Amtenbrinksweg,Im Reke,,G,,,,,,8.41146,51.9029,5,2,62,2,0,0,0,0,0,1,0,71,13,,,1,2,0,21,,,24,1,,,,,,,,,,,,,,,,,,,,,,,,,,,,,,,,,,,,,,,,,,,,,,,,,,,,,,,,,,,,,,,,,,,,,,,,,,,,,,,,,,,,,,,,,,,,,,,,,,,,,,,,,,,,,,,,,,,,,,,
Gütersloh,Di,06.10.2015,05:57,Verler Straße,Thaddäusstraße,,L,757,5,0,1,500,8.45172,51.8791,3,2,23,2,0,0,1,0,0,1,0,21,35,,52,1,2,3,71,,,28,1,,,,,,,,,,,,,,,,,,,,,,,,,,,,,,,,,,,,,,,,,,,,,,,,,,,,,,,,,,,,,,,,,,,,,,,,,,,,,,,,,,,,,,,,,,,,,,,,,,,,,,,,,,,,,,,,,,,,,,,
Gütersloh,Do,08.10.2015,15:00,Rhedaer Straße,,120,G,,,,,,8.35439,51.8896,3,1,41,2,0,0,1,0,1,1,3,71,49,,56,1,2,0,21,,,,0,,,,,,,,,,,,,,,,,,,,,,,,,,,,,,,,,,,,,,,,,,,,,,,,,,,,,,,,,,,,,,,,,,,,,,,,,,,,,,,,,,,,,,,,,,,,,,,,,,,,,,,,,,,,,,,,,,,,,,,
Gütersloh,Do,08.10.2015,15:59,Blessenstätte,Unter den Ulmen,,G,,,,,,8.37618,51.9042,3,3,42,3,0,0,1,0,0,1,3,71,10,,53,1,2,0,21,49,13,41,1,3,0,21,,,21,1,,,,,,,,,,,,,,,,,,,,,,,,,,,,,,,,,,,,,,,,,,,,,,,,,,,,,,,,,,,,,,,,,,,,,,,,,,,,,,,,,,,,,,,,,,,,,,,,,,,,,,,,,,,,,,,,
Gütersloh,Mi,14.10.2015,17:32,Sundernstraße,Am Anger,,K,38,1,0,0,590,8.40674,51.9038,3,3,42,2,0,0,1,0,0,1,0,21,28,,30,1,2,3,71,10,,44,1,,,,,,,,,,,,,,,,,,,,,,,,,,,,,,,,,,,,,,,,,,,,,,,,,,,,,,,,,,,,,,,,,,,,,,,,,,,,,,,,,,,,,,,,,,,,,,,,,,,,,,,,,,,,,,,,,,,,,,,
Gütersloh,Mi,14.10.2015,13:44,Neuenkirchener Straße,Stadtring Kattenstroth,,L,782,15,100,1,100,8.38931,51.8865,3,3,23,2,0,0,1,0,0,1,3,71,49,11,47,1,2,0,71,,,24,1,,,,,,,,,,,,,,,,,,,,,,,,,,,,,,,,,,,,,,,,,,,,,,,,,,,,,,,,,,,,,,,,,,,,,,,,,,,,,,,,,,,,,,,,,,,,,,,,,,,,,,,,,,,,,,,,,,,,,,,
Gütersloh,Mo,19.10.2015,07:09,Berliner Straße,,273,B,61,55,200,0,200,8.40022,51.9222,3,3,42,2,0,0,1,0,0,1,0,21,37,,48,1,2,3,71,,,46,1,,,,,,,,,,,,,,,,,,,,,,,,,,,,,,,,,,,,,,,,,,,,,,,,,,,,,,,,,,,,,,,,,,,,,,,,,,,,,,,,,,,,,,,,,,,,,,,,,,,,,,,,,,,,,,,,,,,,,,,
Gütersloh,Mo,19.10.2015,12:40,Berliner Straße,,,G,,,,,,8.37858,51.9063,3,7,99,2,0,0,1,0,0,1,0,71,13,49,18,1,2,3,81,,,48,2,,,,,,,,,,,,,,,,,,,,,,,,,,,,,,,,,,,,,,,,,,,,,,,,,,,,,,,,,,,,,,,,,,,,,,,,,,,,,,,,,,,,,,,,,,,,,,,,,,,,,,,,,,,,,,,,,,,,,,,
Gütersloh,Di,20.10.2015,17:10,Berliner Straße,,126,G,,,,,,8.38387,51.9107,3,5,81,2,0,0,1,0,0,1,0,21,45,,50,1,2,3,71,,,64,1,,,,,,,,,,,,,,,,,,,,,,,,,,,,,,,,,,,,,,,,,,,,,,,,,,,,,,,,,,,,,,,,,,,,,,,,,,,,,,,,,,,,,,,,,,,,,,,,,,,,,,,,,,,,,,,,,,,,,,,
Gütersloh,Mi,21.10.2015,16:00,Marienfelder Straße,,25,G,,,,,,8.36783,51.9115,5,7,99,2,0,0,0,0,1,1,0,71,49,,54,1,2,0,21,,,,0,,,,,,,,,,,,,,,,,,,,,,,,,,,,,,,,,,,,,,,,,,,,,,,,,,,,,,,,,,,,,,,,,,,,,,,,,,,,,,,,,,,,,,,,,,,,,,,,,,,,,,,,,,,,,,,,,,,,,,,
Gütersloh,Do,22.10.2015,07:50,Herzebrocker Straße,,42,G,,,,,,8.36445,51.9043,5,2,24,2,0,0,0,0,0,1,0,21,35,,18,1,2,0,71,,,59,1,,,,,,,,,,,,,,,,,,,,,,,,,,,,,,,,,,,,,,,,,,,,,,,,,,,,,,,,,,,,,,,,,,,,,,,,,,,,,,,,,,,,,,,,,,,,,,,,,,,,,,,,,,,,,,,,,,,,,,,
Gütersloh,Fr,23.10.2015,23:15,Ernst-Buschmann-Straße,Kökerstraße,,G,,,,,,8.37977,51.9065,5,2,61,2,0,0,0,0,0,1,0,71,11,,28,1,2,0,81,,,59,1,,,,,,,,,,,,,,,,,,,,,,,,,,,,,,,,,,,,,,,,,,,,,,,,,,,,,,,,,,,,,,,,,,,,,,,,,,,,,,,,,,,,,,,,,,,,,,,,,,,,,,,,,,,,,,,,,,,,,,,
Gütersloh,Mo,26.10.2015,06:00,Carl-Bertelsmann-Straße,,161,L,788,9,0,0,620,8.40937,51.906,5,3,41,2,0,0,0,0,0,1,0,44,37,,64,1,2,0,71,37,,49,1,,,,,,,,,,,,,,,,,,,,,,,,,,,,,,,,,,,,,,,,,,,,,,,,,,,,,,,,,,,,,,,,,,,,,,,,,,,,,,,,,,,,,,,,,,,,,,,,,,,,,,,,,,,,,,,,,,,,,,,
Gütersloh,Di,27.10.2015,07:51,Neuenkirchener Straße,Tiefenweg,,L,782,15,200,0,415,8.38105,51.8946,3,2,43,2,0,0,1,0,0,1,0,21,35,,55,2,2,3,71,,,,2,,,,,,,,,,,,,,,,,,,,,,,,,,,,,,,,,,,,,,,,,,,,,,,,,,,,,,,,,,,,,,,,,,,,,,,,,,,,,,,,,,,,,,,,,,,,,,,,,,,,,,,,,,,,,,,,,,,,,,,
Gütersloh,Di,27.10.2015,13:15,Kahlertstraße,Nordring,43,G,,,,,,8.38156,51.9144,3,1,83,1,0,0,1,0,0,1,3,71,10,,75,2,,,,,,,,,,,,,,,,,,,,,,,,,,,,,,,,,,,,,,,,,,,,,,,,,,,,,,,,,,,,,,,,,,,,,,,,,,,,,,,,,,,,,,,,,,,,,,,,,,,,,,,,,,,,,,,,,,,,,,,,,,,,,,
Gütersloh,Sa,31.10.2015,12:43,Brockweg,Kattenstrother Weg,,K,3,5,200,0,0,8.37475,51.8878,3,2,43,3,0,0,2,0,0,1,0,21,35,,71,1,2,3,71,,,52,1,3,3,71,,,4,1,,,,,,,,,,,,,,,,,,,,,,,,,,,,,,,,,,,,,,,,,,,,,,,,,,,,,,,,,,,,,,,,,,,,,,,,,,,,,,,,,,,,,,,,,,,,,,,,,,,,,,,,,,,,,,,,
Gütersloh,Di,03.11.2015,13:33,Wiedenbrücker Straße,Südring,,G,,,,,,8.36534,51.8921,3,2,24,2,0,0,1,0,0,1,0,21,35,,49,1,2,3,71,,,49,2,,,,,,,,,,,,,,,,,,,,,,,,,,,,,,,,,,,,,,,,,,,,,,,,,,,,,,,,,,,,,,,,,,,,,,,,,,,,,,,,,,,,,,,,,,,,,,,,,,,,,,,,,,,,,,,,,,,,,,,
Gütersloh,Di,03.11.2015,11:35,Stadtring Sundern,Am Anger,,G,,,,,,8.40471,51.9005,5,6,21,3,0,0,0,0,0,1,0,21,14,,33,2,2,0,21,,,53,1,3,0,71,,,29,2,,,,,,,,,,,,,,,,,,,,,,,,,,,,,,,,,,,,,,,,,,,,,,,,,,,,,,,,,,,,,,,,,,,,,,,,,,,,,,,,,,,,,,,,,,,,,,,,,,,,,,,,,,,,,,,,
Gütersloh,Di,03.11.2015,10:58,Neuenkirchener Straße,,103a,L,782,15,200,0,150,8.38276,51.8928,2,5,81,2,0,1,0,0,0,1,0,40,45,,48,1,2,2,71,,,67,1,,,,,,,,,,,,,,,,,,,,,,,,,,,,,,,,,,,,,,,,,,,,,,,,,,,,,,,,,,,,,,,,,,,,,,,,,,,,,,,,,,,,,,,,,,,,,,,,,,,,,,,,,,,,,,,,,,,,,,,
Gütersloh,Mi,04.11.2015,11:50,Kirchstraße,Christian-Heyden-Weg,,G,,,,,,8.37997,51.905,3,3,99,2,0,0,1,0,1,1,0,71,49,,,0,2,3,71,,,70,2,,,,,,,,,,,,,,,,,,,,,,,,,,,,,,,,,,,,,,,,,,,,,,,,,,,,,,,,,,,,,,,,,,,,,,,,,,,,,,,,,,,,,,,,,,,,,,,,,,,,,,,,,,,,,,,,,,,,,,,
Gütersloh,Mi,04.11.2015,15:04,Brockweg,Schledebrückstraße,,K,3,5,200,1,130,8.37534,51.8979,3,3,41,2,0,0,1,0,0,1,0,21,28,,26,1,2,3,71,,,10,1,,,,,,,,,,,,,,,,,,,,,,,,,,,,,,,,,,,,,,,,,,,,,,,,,,,,,,,,,,,,,,,,,,,,,,,,,,,,,,,,,,,,,,,,,,,,,,,,,,,,,,,,,,,,,,,,,,,,,,,
Gütersloh,Mi,04.11.2015,11:35,Neuenkirchener Straße,Von-Recklinghausen-Straße,,L,782,15,200,0,330,8.38167,51.8939,5,2,99,2,0,0,0,0,1,1,0,21,49,,,0,2,0,71,,,19,2,,,,,,,,,,,,,,,,,,,,,,,,,,,,,,,,,,,,,,,,,,,,,,,,,,,,,,,,,,,,,,,,,,,,,,,,,,,,,,,,,,,,,,,,,,,,,,,,,,,,,,,,,,,,,,,,,,,,,,,
Gütersloh,Fr,06.11.2015,18:30,Nordring,,99,B,61,52,0,0,140,8.36805,51.9132,5,3,42,2,0,0,0,0,0,1,0,21,37,,32,1,2,0,71,11,,21,1,,,,,,,,,,,,,,,,,,,,,,,,,,,,,,,,,,,,,,,,,,,,,,,,,,,,,,,,,,,,,,,,,,,,,,,,,,,,,,,,,,,,,,,,,,,,,,,,,,,,,,,,,,,,,,,,,,,,,,,
Gütersloh,Di,10.11.2015,10:30,Blessenstätte,,20,G,,,,,,8.37544,51.9043,3,7,99,2,0,0,1,0,1,1,0,71,49,,,2,2,3,71,,,75,1,,,,,,,,,,,,,,,,,,,,,,,,,,,,,,,,,,,,,,,,,,,,,,,,,,,,,,,,,,,,,,,,,,,,,,,,,,,,,,,,,,,,,,,,,,,,,,,,,,,,,,,,,,,,,,,,,,,,,,,
Gütersloh,Di,10.11.2015,11:00,Unter den Ulmen,Feuerbornstraße,,L,788,5,0,0,970,8.37318,51.9002,5,3,21,2,0,0,0,0,0,1,0,72,31,,78,1,2,0,21,,,52,2,,,,,,,,,,,,,,,,,,,,,,,,,,,,,,,,,,,,,,,,,,,,,,,,,,,,,,,,,,,,,,,,,,,,,,,,,,,,,,,,,,,,,,,,,,,,,,,,,,,,,,,,,,,,,,,,,,,,,,,
Gütersloh,Mi,11.11.2015,10:16,Kirchstraße,Berliner Straße,,G,,,,,,8.37735,51.9045,5,7,11,2,0,0,0,0,0,1,0,21,36,,52,2,2,0,72,,,46,1,,,,,,,,,,,,,,,,,,,,,,,,,,,,,,,,,,,,,,,,,,,,,,,,,,,,,,,,,,,,,,,,,,,,,,,,,,,,,,,,,,,,,,,,,,,,,,,,,,,,,,,,,,,,,,,,,,,,,,,
Gütersloh,Do,12.11.2015,13:34,Carl-Bertelsmann-Straße,,90,L,788,8,0,0,160,8.39568,51.9049,3,6,1,2,0,0,2,0,0,1,3,71,10,,45,1,2,3,71,10,,18,2,,,,,,,,,,,,,,,,,,,,,,,,,,,,,,,,,,,,,,,,,,,,,,,,,,,,,,,,,,,,,,,,,,,,,,,,,,,,,,,,,,,,,,,,,,,,,,,,,,,,,,,,,,,,,,,,,,,,,,,
Gütersloh,Sa,14.11.2015,23:30,Blessenstätte,Dalkestraße,,G,,,,,,8.37733,51.9044,2,2,23,2,0,1,0,0,0,1,0,21,35,,35,1,2,2,71,10,,,1,,,,,,,,,,,,,,,,,,,,,,,,,,,,,,,,,,,,,,,,,,,,,,,,,,,,,,,,,,,,,,,,,,,,,,,,,,,,,,,,,,,,,,,,,,,,,,,,,,,,,,,,,,,,,,,,,,,,,,,
Gütersloh,Sa,14.11.2015,12:00,Kaiserstraße,,19,G,,,,,,8.38423,51.908,3,3,72,2,0,0,1,0,0,1,0,21,49,,19,2,2,3,71,49,10,50,2,,,,,,,,,,,,,,,,,,,,,,,,,,,,,,,,,,,,,,,,,,,,,,,,,,,,,,,,,,,,,,,,,,,,,,,,,,,,,,,,,,,,,,,,,,,,,,,,,,,,,,,,,,,,,,,,,,,,,,,
Gütersloh,Mo,16.11.2015,07:25,Sundernstraße,Stadtring Sundern,,K,38,1,0,0,510,8.40558,51.9039,3,2,43,2,0,0,1,0,1,1,0,44,35,,60,1,2,3,71,,,13,1,,,,,,,,,,,,,,,,,,,,,,,,,,,,,,,,,,,,,,,,,,,,,,,,,,,,,,,,,,,,,,,,,,,,,,,,,,,,,,,,,,,,,,,,,,,,,,,,,,,,,,,,,,,,,,,,,,,,,,,
Gütersloh,Di,17.11.2015,15:50,Berliner Straße,Carl-Zeiss-Straße,,B,61,55,200,1,200,8.40939,51.9292,1,3,72,2,1,0,0,0,0,1,1,71,37,,60,2,2,0,21,,,72,1,,,,,,,,,,,,,,,,,,,,,,,,,,,,,,,,,,,,,,,,,,,,,,,,,,,,,,,,,,,,,,,,,,,,,,,,,,,,,,,,,,,,,,,,,,,,,,,,,,,,,,,,,,,,,,,,,,,,,,,
Gütersloh,Di,17.11.2015,17:55,Alsenstraße,Wilhelm-Baumann-Straße,,G,,,,,,8.36454,51.9049,3,3,1,2,0,0,1,0,0,1,0,21,28,,46,2,2,3,71,52,,34,1,,,,,,,,,,,,,,,,,,,,,,,,,,,,,,,,,,,,,,,,,,,,,,,,,,,,,,,,,,,,,,,,,,,,,,,,,,,,,,,,,,,,,,,,,,,,,,,,,,,,,,,,,,,,,,,,,,,,,,,
Gütersloh,Di,17.11.2015,14:34,Kaiserstraße,,,G,,,,,,8.382,51.9051,5,5,51,2,0,0,0,0,0,1,0,21,37,,35,1,2,0,71,11,,17,1,,,,,,,,,,,,,,,,,,,,,,,,,,,,,,,,,,,,,,,,,,,,,,,,,,,,,,,,,,,,,,,,,,,,,,,,,,,,,,,,,,,,,,,,,,,,,,,,,,,,,,,,,,,,,,,,,,,,,,,
Gütersloh,Mi,18.11.2015,11:35,Saligmannsweg,,12,G,,,,,,8.36354,51.906,5,3,71,2,0,0,0,0,0,1,0,71,37,,56,2,2,0,21,,,53,1,,,,,,,,,,,,,,,,,,,,,,,,,,,,,,,,,,,,,,,,,,,,,,,,,,,,,,,,,,,,,,,,,,,,,,,,,,,,,,,,,,,,,,,,,,,,,,,,,,,,,,,,,,,,,,,,,,,,,,,
Gütersloh,Fr,20.11.2015,13:30,Westring,Grenzweg,,B,61,51,0,0,550,8.35919,51.9084,3,6,51,2,0,0,1,0,0,1,0,71,49,,10,1,2,3,71,,,11,1,,,,,,,,,,,,,,,,,,,,,,,,,,,,,,,,,,,,,,,,,,,,,,,,,,,,,,,,,,,,,,,,,,,,,,,,,,,,,,,,,,,,,,,,,,,,,,,,,,,,,,,,,,,,,,,,,,,,,,,
Gütersloh,Sa,21.11.2015,16:51,Brockhäger Straße,,,L,782,20,0,0,90,8.3718,51.9149,3,3,71,2,0,0,1,0,0,1,3,71,37,,34,1,2,0,21,,,72,1,,,,,,,,,,,,,,,,,,,,,,,,,,,,,,,,,,,,,,,,,,,,,,,,,,,,,,,,,,,,,,,,,,,,,,,,,,,,,,,,,,,,,,,,,,,,,,,,,,,,,,,,,,,,,,,,,,,,,,,
Gütersloh,Mo,23.11.2015,11:00,Berliner Straße,,7,G,,,,,,8.37725,51.9051,5,3,72,2,0,0,0,0,0,1,0,71,10,,36,1,2,0,21,,,35,2,,,,,,,,,,,,,,,,,,,,,,,,,,,,,,,,,,,,,,,,,,,,,,,,,,,,,,,,,,,,,,,,,,,,,,,,,,,,,,,,,,,,,,,,,,,,,,,,,,,,,,,,,,,,,,,,,,,,,,,
Gütersloh,Di,24.11.2015,19:15,Westring,Herzebrocker Straße,,B,61,51,0,0,0,8.35893,51.9033,3,2,22,2,0,0,1,0,0,1,0,21,35,,66,2,2,3,71,10,,60,1,,,,,,,,,,,,,,,,,,,,,,,,,,,,,,,,,,,,,,,,,,,,,,,,,,,,,,,,,,,,,,,,,,,,,,,,,,,,,,,,,,,,,,,,,,,,,,,,,,,,,,,,,,,,,,,,,,,,,,,
Gütersloh,Mi,25.11.2015,11:11,Südring,Sonnenweg,,G,,,,,,8.3693,51.8905,3,2,61,2,0,0,1,0,0,1,0,21,11,,89,1,2,3,71,,,66,1,,,,,,,,,,,,,,,,,,,,,,,,,,,,,,,,,,,,,,,,,,,,,,,,,,,,,,,,,,,,,,,,,,,,,,,,,,,,,,,,,,,,,,,,,,,,,,,,,,,,,,,,,,,,,,,,,,,,,,,
Gütersloh,Fr,27.11.2015,14:10,Osnabrücker Landstraße,,1,K,32,1,0,0,0,8.42542,51.9114,3,7,99,1,0,0,1,0,0,1,3,71,14,,76,2,,,,,,,,,,,,,,,,,,,,,,,,,,,,,,,,,,,,,,,,,,,,,,,,,,,,,,,,,,,,,,,,,,,,,,,,,,,,,,,,,,,,,,,,,,,,,,,,,,,,,,,,,,,,,,,,,,,,,,,,,,,,,,
Gütersloh,Sa,28.11.2015,14:55,Hülsbrockstraße,Zum Stillen Frieden,,K,37,2,0,1,360,8.41748,51.9187,3,7,99,2,0,0,1,0,1,1,3,71,37,,33,2,2,0,21,,,41,1,,,,,,,,,,,,,,,,,,,,,,,,,,,,,,,,,,,,,,,,,,,,,,,,,,,,,,,,,,,,,,,,,,,,,,,,,,,,,,,,,,,,,,,,,,,,,,,,,,,,,,,,,,,,,,,,,,,,,,,
Gütersloh,Mo,30.11.2015,21:47,Avenwedder Straße,Alte Spexarder Straße,,L,788,12,0,0,130,8.42761,51.9114,3,3,41,2,0,0,1,0,0,1,0,21,35,,32,2,2,3,71,,,55,1,,,,,,,,,,,,,,,,,,,,,,,,,,,,,,,,,,,,,,,,,,,,,,,,,,,,,,,,,,,,,,,,,,,,,,,,,,,,,,,,,,,,,,,,,,,,,,,,,,,,,,,,,,,,,,,,,,,,,,,
Gütersloh,Mo,30.11.2015,13:45,Carl-Miele-Straße,Holzstraße,,K,37,1,0,0,620,8.39433,51.9117,3,2,11,2,0,0,1,0,1,1,0,21,35,,62,1,2,3,71,,,13,1,,,,,,,,,,,,,,,,,,,,,,,,,,,,,,,,,,,,,,,,,,,,,,,,,,,,,,,,,,,,,,,,,,,,,,,,,,,,,,,,,,,,,,,,,,,,,,,,,,,,,,,,,,,,,,,,,,,,,,,
Gütersloh,Mi,02.12.2015,11:15,Avenwedder Straße,,52,L,788,12,0,0,220,8.43036,51.9119,3,7,14,2,0,0,1,0,0,1,0,21,36,,74,1,2,3,71,,,58,2,,,,,,,,,,,,,,,,,,,,,,,,,,,,,,,,,,,,,,,,,,,,,,,,,,,,,,,,,,,,,,,,,,,,,,,,,,,,,,,,,,,,,,,,,,,,,,,,,,,,,,,,,,,,,,,,,,,,,,,
Gütersloh,Fr,04.12.2015,10:53,Herzebrocker Straße,Wiesenstraße,,G,,,,,,8.36567,51.9046,3,2,43,2,0,0,1,1,1,1,0,21,1,35,36,1,2,3,71,,,34,2,,,,,,,,,,,,,,,,,,,,,,,,,,,,,,,,,,,,,,,,,,,,,,,,,,,,,,,,,,,,,,,,,,,,,,,,,,,,,,,,,,,,,,,,,,,,,,,,,,,,,,,,,,,,,,,,,,,,,,,
Gütersloh,Fr,04.12.2015,07:15,Verler Straße,,336,G,,,,,,8.42533,51.8849,5,3,42,2,0,0,0,0,1,1,0,21,37,,30,2,2,0,71,,,,1,,,,,,,,,,,,,,,,,,,,,,,,,,,,,,,,,,,,,,,,,,,,,,,,,,,,,,,,,,,,,,,,,,,,,,,,,,,,,,,,,,,,,,,,,,,,,,,,,,,,,,,,,,,,,,,,,,,,,,,
Gütersloh,Di,08.12.2015,13:24,Brockhäger Straße,,,L,782,20,0,0,550,8.37184,51.919,3,2,43,2,0,0,1,0,0,1,0,21,35,,65,2,2,3,71,,,13,1,,,,,,,,,,,,,,,,,,,,,,,,,,,,,,,,,,,,,,,,,,,,,,,,,,,,,,,,,,,,,,,,,,,,,,,,,,,,,,,,,,,,,,,,,,,,,,,,,,,,,,,,,,,,,,,,,,,,,,,
Gütersloh,Mi,09.12.2015,17:18,Bultmannstraße,,1,G,,,,,,8.37294,51.9002,3,5,81,2,0,0,1,0,0,1,0,21,45,,46,1,2,3,71,50,,22,1,,,,,,,,,,,,,,,,,,,,,,,,,,,,,,,,,,,,,,,,,,,,,,,,,,,,,,,,,,,,,,,,,,,,,,,,,,,,,,,,,,,,,,,,,,,,,,,,,,,,,,,,,,,,,,,,,,,,,,,
Gütersloh,Mi,09.12.2015,18:33,Carl-Bertelsmann-Straße,,45,G,,,,,,8.39133,51.9055,3,3,42,2,0,0,1,0,0,1,0,21,37,,54,1,2,3,71,,,6,1,,,,,,,,,,,,,,,,,,,,,,,,,,,,,,,,,,,,,,,,,,,,,,,,,,,,,,,,,,,,,,,,,,,,,,,,,,,,,,,,,,,,,,,,,,,,,,,,,,,,,,,,,,,,,,,,,,,,,,,
Gütersloh,Fr,11.12.2015,07:52,Verler Straße,Kampstraße,,L,757,3,0,0,600,8.39816,51.9009,3,2,23,2,0,0,1,0,0,1,0,21,35,,58,1,2,3,71,,,16,1,,,,,,,,,,,,,,,,,,,,,,,,,,,,,,,,,,,,,,,,,,,,,,,,,,,,,,,,,,,,,,,,,,,,,,,,,,,,,,,,,,,,,,,,,,,,,,,,,,,,,,,,,,,,,,,,,,,,,,,
Gütersloh,Mo,14.12.2015,13:00,Stadtring Kattenstroth,,130,G,,,,,,8.38131,51.8832,3,3,72,2,0,0,1,0,0,1,0,21,49,,56,1,2,3,71,37,,45,2,,,,,,,,,,,,,,,,,,,,,,,,,,,,,,,,,,,,,,,,,,,,,,,,,,,,,,,,,,,,,,,,,,,,,,,,,,,,,,,,,,,,,,,,,,,,,,,,,,,,,,,,,,,,,,,,,,,,,,,
Gütersloh,Mi,16.12.2015,17:50,Hans-Böckler-Straße,Hans-Böckler-Straße,47,G,,,,,,8.35561,51.8859,3,3,1,2,0,0,1,0,0,1,3,71,28,,68,1,2,0,21,,,22,2,,,,,,,,,,,,,,,,,,,,,,,,,,,,,,,,,,,,,,,,,,,,,,,,,,,,,,,,,,,,,,,,,,,,,,,,,,,,,,,,,,,,,,,,,,,,,,,,,,,,,,,,,,,,,,,,,,,,,,,
Gütersloh,Do,17.12.2015,07:48,Verler Straße,Am Hüttenbrink,,L,757,,400,0,0,8.42481,51.8854,3,2,24,2,0,0,1,0,0,1,0,21,35,49,46,1,2,3,71,10,,16,1,,,,,,,,,,,,,,,,,,,,,,,,,,,,,,,,,,,,,,,,,,,,,,,,,,,,,,,,,,,,,,,,,,,,,,,,,,,,,,,,,,,,,,,,,,,,,,,,,,,,,,,,,,,,,,,,,,,,,,,
Gütersloh,Do,17.12.2015,15:00,Berliner Straße,,16,G,,,,,,8.37839,51.9059,2,7,99,2,0,1,0,0,1,1,0,71,49,,,0,2,2,71,,,93,1,,,,,,,,,,,,,,,,,,,,,,,,,,,,,,,,,,,,,,,,,,,,,,,,,,,,,,,,,,,,,,,,,,,,,,,,,,,,,,,,,,,,,,,,,,,,,,,,,,,,,,,,,,,,,,,,,,,,,,,
Gütersloh,Do,17.12.2015,15:20,Kaiserstraße,,15,G,,,,,,8.38381,51.9071,3,3,71,2,0,0,1,0,0,1,3,71,37,,77,2,2,0,21,,,75,2,,,,,,,,,,,,,,,,,,,,,,,,,,,,,,,,,,,,,,,,,,,,,,,,,,,,,,,,,,,,,,,,,,,,,,,,,,,,,,,,,,,,,,,,,,,,,,,,,,,,,,,,,,,,,,,,,,,,,,,
Gütersloh,Fr,18.12.2015,08:31,Carl-Bertelsmann-Straße,,19,G,,,,,,8.38619,51.9052,5,2,43,2,0,0,0,0,0,1,0,21,35,,29,1,2,0,71,,,32,1,,,,,,,,,,,,,,,,,,,,,,,,,,,,,,,,,,,,,,,,,,,,,,,,,,,,,,,,,,,,,,,,,,,,,,,,,,,,,,,,,,,,,,,,,,,,,,,,,,,,,,,,,,,,,,,,,,,,,,,
Gütersloh,Sa,19.12.2015,11:05,Georgstraße,,4,G,,,,,,8.3725,51.9153,6,7,99,2,0,0,0,1,0,1,0,71,1,49,32,1,2,0,21,,,54,1,,,,,,,,,,,,,,,,,,,,,,,,,,,,,,,,,,,,,,,,,,,,,,,,,,,,,,,,,,,,,,,,,,,,,,,,,,,,,,,,,,,,,,,,,,,,,,,,,,,,,,,,,,,,,,,,,,,,,,,
Gütersloh,Mo,21.12.2015,10:45,Fichtenstraße,Buxelstraße,,G,,,,,,8.35817,51.8965,5,3,72,2,0,0,0,0,1,1,0,71,27,,,1,2,0,21,,,35,1,,,,,,,,,,,,,,,,,,,,,,,,,,,,,,,,,,,,,,,,,,,,,,,,,,,,,,,,,,,,,,,,,,,,,,,,,,,,,,,,,,,,,,,,,,,,,,,,,,,,,,,,,,,,,,,,,,,,,,,
Gütersloh,Mo,21.12.2015,16:15,Nordring,Marienfelder Straße,,B,61,52,0,0,0,8.36604,51.9127,5,2,44,2,0,0,0,0,1,1,0,21,10,,74,1,2,0,71,,,,1,,,,,,,,,,,,,,,,,,,,,,,,,,,,,,,,,,,,,,,,,,,,,,,,,,,,,,,,,,,,,,,,,,,,,,,,,,,,,,,,,,,,,,,,,,,,,,,,,,,,,,,,,,,,,,,,,,,,,,,
Gütersloh,Mi,23.12.2015,13:00,Wilhelm-Baumann-Straße,Alsenstraße,,G,,,,,,8.36454,51.9049,3,3,1,2,0,0,1,0,0,1,0,21,28,,75,2,2,3,71,,,16,2,,,,,,,,,,,,,,,,,,,,,,,,,,,,,,,,,,,,,,,,,,,,,,,,,,,,,,,,,,,,,,,,,,,,,,,,,,,,,,,,,,,,,,,,,,,,,,,,,,,,,,,,,,,,,,,,,,,,,,,
Gütersloh,Mi,30.12.2015,14:39,Hohenzollernstraße,,15,G,,,,,,8.37513,51.9084,3,3,42,2,0,0,1,0,0,1,0,21,37,,34,2,2,3,71,10,,25,2,,,,,,,,,,,,,,,,,,,,,,,,,,,,,,,,,,,,,,,,,,,,,,,,,,,,,,,,,,,,,,,,,,,,,,,,,,,,,,,,,,,,,,,,,,,,,,,,,,,,,,,,,,,,,,,,,,,,,,,
